label,tile_id,case_id,image_filename,strategy,accepted,reject_reason,target_type,full_bbox,confidence,visibility,damage_or_relevance,reason,raw_eval_status,after_postprocess_eval_status
v050_tile_001,42_A_grid_0_1,42,42.png,A,True,,military_equipment,"[337.0, 359.0, 997.0, 945.0]",0.99,clear,damaged_or_bda_relevant,tank with visible structural damage and missing components,FP,FP
v050_tile_002,42_A_grid_1_1,42,42.png,A,True,,military_equipment,"[729.0, 359.0, 1727.0, 934.0]",0.99,clear,damaged_or_bda_relevant,severely damaged military vehicle with visible structural collapse and exposed internal components,FP,FP
v050_tile_003,42_C_anchor_0,42,42.png,C,True,,military_equipment,"[78.0, 270.0, 997.0, 738.0]",0.99,clear,damaged_or_bda_relevant,tank is heavily damaged with exposed internal components and missing armor,TP,TP
v050_tile_001,44_A_grid_0_0,44,44.jpg,A,True,,military_equipment,"[0.0, 170.0, 420.0, 950.0]",0.99,smoke_obscured,damaged_or_bda_relevant,"burning wreckage with visible fire and smoke, clearly damaged",TP,TP
v050_tile_002,44_A_grid_0_0,44,44.jpg,A,True,,military_equipment,"[370.0, 550.0, 880.0, 980.0]",0.99,clear,damaged_or_bda_relevant,"tank with visible damage and smoke, appears destroyed or heavily damaged",TP,TP
v050_tile_003,44_A_grid_0_1,44,44.jpg,A,True,,military_equipment,"[288.0, 1079.0, 562.0, 1573.0]",0.99,clear,damaged_or_bda_relevant,tank with visible damage and debris around,FP,FP
v050_tile_004,44_A_grid_0_1,44,44.jpg,A,True,,military_equipment,"[456.0, 1179.0, 812.0, 1673.0]",0.99,clear,damaged_or_bda_relevant,tank with visible damage and debris around,FP,FP
v050_tile_005,44_A_grid_0_1,44,44.jpg,A,True,,military_equipment,"[738.0, 979.0, 998.0, 1305.0]",0.98,clear,damaged_or_bda_relevant,tank with visible damage and debris around,FP,FP
v050_tile_006,44_A_grid_0_1,44,44.jpg,A,True,,military_equipment,"[522.0, 729.0, 888.0, 1079.0]",0.97,clear,damaged_or_bda_relevant,tank with visible damage and debris around,TP,TP
v050_tile_007,44_A_grid_0_1,44,44.jpg,A,True,,military_equipment,"[198.0, 729.0, 562.0, 1079.0]",0.96,clear,damaged_or_bda_relevant,tank with visible damage and debris around,FP,FP
v050_tile_008,44_A_grid_1_0,44,44.jpg,A,True,,military_equipment,"[1273.0, 576.0, 1549.0, 984.0]",0.99,clear,damaged_or_bda_relevant,tank with visible damage and debris around,FP,FP
v050_tile_009,44_A_grid_1_1,44,44.jpg,A,True,,military_equipment,"[1273.0, 1190.0, 1448.0, 1605.0]",0.99,clear,damaged_or_bda_relevant,tank with visible damage and debris,FP,FP
v050_tile_010,44_B_middle_lower_strip,44,44.jpg,B,True,,military_equipment,"[0.0, 660.0, 357.0, 1148.0]",0.99,clear,damaged_or_bda_relevant,multiple tanks destroyed with visible damage and debris,FP,FP
v050_tile_011,44_B_middle_lower_strip,44,44.jpg,B,True,,military_equipment,"[560.0, 660.0, 870.0, 880.0]",0.99,clear,damaged_or_bda_relevant,tank with visible damage and debris,FP,FP
v050_tile_012,44_B_middle_lower_strip,44,44.jpg,B,True,,military_equipment,"[480.0, 972.0, 730.0, 1360.0]",0.99,clear,damaged_or_bda_relevant,tank with visible damage and debris,FP,FP
v050_tile_013,44_B_lower_strip,44,44.jpg,B,True,,military_equipment,"[163.0, 1175.0, 357.0, 1825.0]",0.99,clear,damaged_or_bda_relevant,tank with visible damage and debris around,FP,FP
v050_tile_014,44_C_anchor_0,44,44.jpg,C,True,,military_equipment,"[769.0, 1272.0, 1272.0, 1847.0]",0.99,clear,damaged_or_bda_relevant,tank with visible damage and missing components,FP,FP
v050_tile_015,44_C_anchor_0,44,44.jpg,C,True,,military_equipment,"[1172.0, 1022.0, 1520.0, 1422.0]",0.99,clear,damaged_or_bda_relevant,tank with visible damage and missing components,FP,FP
v050_tile_016,44_C_anchor_0,44,44.jpg,C,True,,military_equipment,"[897.0, 897.0, 1347.0, 1172.0]",0.99,clear,damaged_or_bda_relevant,tank with visible damage and missing components,FP,FP
v050_tile_017,44_C_anchor_0,44,44.jpg,C,True,,military_equipment,"[522.0, 897.0, 932.0, 1147.0]",0.99,clear,damaged_or_bda_relevant,tank with visible damage and missing components,FP,FP
v050_tile_018,44_C_anchor_2,44,44.jpg,C,True,,military_equipment,"[1909.0, 452.0, 2568.0, 944.0]",0.98,clear,damaged_or_bda_relevant,"tank heavily damaged, hull and turret destroyed, debris scattered",FP,FP
v050_tile_019,44_D_center_broad,44,44.jpg,D,True,,military_equipment,"[268.0, 400.0, 588.0, 750.0]",0.98,clear,damaged_or_bda_relevant,multiple tanks destroyed with fire and smoke,FP,FP
v050_tile_020,44_D_center_broad,44,44.jpg,D,True,,military_equipment,"[578.0, 470.0, 828.0, 750.0]",0.95,clear,damaged_or_bda_relevant,tank with visible damage and debris around,FP,FP
v050_tile_021,44_D_center_broad,44,44.jpg,D,True,,military_equipment,"[918.0, 330.0, 1248.0, 600.0]",0.93,clear,damaged_or_bda_relevant,tank heavily damaged and overturned,FP,FP
v050_tile_022,44_D_center_broad,44,44.jpg,D,True,,military_equipment,"[1048.0, 630.0, 1267.0, 900.0]",0.92,clear,damaged_or_bda_relevant,tank with visible damage and debris,FP,FP
v050_tile_023,44_D_center_broad,44,44.jpg,D,True,,military_equipment,"[368.0, 750.0, 588.0, 1050.0]",0.91,clear,damaged_or_bda_relevant,tank with visible damage and debris,FP,FP
v050_tile_024,44_D_center_broad,44,44.jpg,D,True,,military_equipment,"[498.0, 830.0, 748.0, 1100.0]",0.9,clear,damaged_or_bda_relevant,tank with visible damage and debris,FP,FP
v050_tile_025,44_D_center_broad,44,44.jpg,D,True,,military_equipment,"[718.0, 650.0, 968.0, 900.0]",0.88,clear,damaged_or_bda_relevant,tank with visible damage and debris,FP,FP
v050_tile_001,53_C_anchor_0,53,53.jpg,C,True,,military_equipment,"[26.0, 25.0, 688.0, 867.0]",0.99,clear,damaged_or_bda_relevant,"tank covered in snow and camouflage, appears abandoned and non-operational",FP,FP
v050_tile_002,53_C_anchor_0,53,53.jpg,C,True,,military_equipment,"[533.0, 386.0, 955.0, 752.0]",0.98,clear,damaged_or_bda_relevant,"second tank similarly covered and abandoned, visible in background",FP,FP
v050_tile_003,53_C_anchor_1,53,53.jpg,C,True,,military_equipment,"[614.0, 434.0, 1461.0, 1052.0]",0.99,clear,damaged_or_bda_relevant,"tank covered in camouflage netting and snow, appears abandoned and weathered, indicating potential BDA relevance",TP,TP
v050_tile_004,53_D_center_broad,53,53.jpg,D,True,,military_equipment,"[163.0, 464.0, 713.0, 1023.0]",0.98,clear,damaged_or_bda_relevant,"tank covered in camouflage netting and ice, with visible damage to hull and tracks, indicating operational use or abandonment",FP,FP
v050_tile_005,53_D_center_broad,53,53.jpg,D,True,,military_equipment,"[711.0, 592.0, 1070.0, 894.0]",0.97,clear,damaged_or_bda_relevant,"tank covered in camouflage netting and ice, with visible damage to hull and tracks, indicating operational use or abandonment",FP,FP
v050_tile_001,66_A_grid_0_1,66,66.jpg,A,True,,military_equipment,"[238.0, 304.0, 312.0, 551.0]",0.91,clear,damaged_or_bda_relevant,"side panel dented, mud splatter, debris near wheels",FP,FP
v050_tile_002,66_A_grid_0_1,66,66.jpg,A,True,,military_equipment,"[188.0, 322.0, 250.0, 522.0]",0.89,clear,damaged_or_bda_relevant,"side panel dented, mud splatter, debris near wheels",FP,FP
v050_tile_003,66_A_grid_0_1,66,66.jpg,A,True,,military_equipment,"[148.0, 341.0, 200.0, 501.0]",0.87,clear,damaged_or_bda_relevant,"side panel dented, mud splatter, debris near wheels",FP,FP
v050_tile_004,66_A_grid_0_1,66,66.jpg,A,True,,military_equipment,"[112.0, 354.0, 162.0, 486.0]",0.85,clear,damaged_or_bda_relevant,"side panel dented, mud splatter, debris near wheels",FP,FP
v050_tile_005,66_A_grid_0_1,66,66.jpg,A,True,,military_equipment,"[80.0, 366.0, 128.0, 468.0]",0.83,clear,damaged_or_bda_relevant,"side panel dented, mud splatter, debris near wheels",FP,FP
v050_tile_006,66_A_grid_0_1,66,66.jpg,A,True,,military_equipment,"[50.0, 380.0, 98.0, 454.0]",0.81,clear,damaged_or_bda_relevant,"side panel dented, mud splatter, debris near wheels",FP,FP
v050_tile_001,67_A_grid_1_1,67,67.jpg,A,True,,military_equipment,"[464.0, 236.0, 614.0, 330.0]",0.92,partial,damaged_or_bda_relevant,tank partially obscured by dust but clearly military equipment in motion,FP,FP
v050_tile_002,67_B_middle_lower_strip,67,67.jpg,B,True,,military_equipment,"[480.0, 329.0, 550.0, 439.0]",0.95,partial,damaged_or_bda_relevant,tank partially obscured by dust but identifiable as active military equipment,FP,FP
v050_tile_003,67_B_middle_lower_strip,67,67.jpg,B,True,,military_equipment,"[380.0, 289.0, 430.0, 369.0]",0.92,partial,damaged_or_bda_relevant,"tank partially visible behind dust, consistent with active movement",FP,FP
v050_tile_001,76_B_lower_strip,76,76.jpg,B,True,,buildings,"[288.0, 715.0, 687.0, 1243.0]",0.99,clear,damaged_or_bda_relevant,"building shows extensive fire damage, structural degradation, and missing windows",FP,FP
v050_tile_002,76_C_anchor_0,76,76.jpg,C,True,,buildings,"[879.0, 285.0, 1374.0, 775.0]",0.98,clear,damaged_or_bda_relevant,severe structural damage with visible holes and charred surfaces,FP,FP
v050_tile_003,76_C_anchor_0,76,76.jpg,C,True,,buildings,"[567.0, 375.0, 777.0, 680.0]",0.95,clear,damaged_or_bda_relevant,significant damage including missing sections and burnt exterior,FP,FP
v050_tile_004,76_D_center_broad,76,76.jpg,D,True,,buildings,"[346.0, 456.0, 588.0, 856.0]",0.99,clear,damaged_or_bda_relevant,"severe structural damage, charred facades, missing windows, and collapsed sections visible",TP,TP
v050_tile_005,76_D_center_broad,76,76.jpg,D,True,,buildings,"[688.0, 350.0, 1088.0, 916.0]",0.99,clear,damaged_or_bda_relevant,"extensive fire damage, exposed rebar, missing walls, and burnt-out balconies",TP,TP
v050_tile_001,108_A_grid_0_1,108,108.jpg,A,True,,buildings,"[187.0, 285.0, 998.0, 672.0]",0.99,clear,damaged_or_bda_relevant,multi-story building with extensive structural damage and missing windows,FP,FP
v050_tile_002,108_A_grid_1_1,108,108.jpg,A,True,,buildings,"[729.0, 285.0, 1486.0, 673.0]",0.99,clear,damaged_or_bda_relevant,"multiple windows broken, facade damaged, appears structurally compromised",TP,TP
v050_tile_001,166_D_center_broad,166,166.jpg,D,True,,buildings,"[96.0, 333.0, 246.0, 550.0]",0.95,clear,damaged_or_bda_relevant,collapsed and burned building structure with debris,FP,FP
