tile_id,case_id,image_filename,strategy,json_valid,json_error,runtime_error,detection_count,accepted_count,rejected_count,elapsed_seconds,raw_response_hash,tile_path
11_A_grid_0_0,11,11.jpg,A,True,,,0,0,0,0.852,06ec5223328ef9baf23bee2f41139677e1e71bea438b4e78fa74170aeb1738af,/home/williambenitez1/Capstone_worktrees/1.2_feat__qwen3-vl-8b-instruct__two-pass-refinement/docs/prompt-lab/qwen-v015-human-report-strategy/experiments/automation/human_report_challenge_v2_prompt_iteration_workflow/cycle_001/main_promotion/v017b_prompt_only_main_promotion/v050_fp8_non_oracle_tiling_crop_recovery/tile_outputs/local_only_tiles/11_A_grid_0_0.jpg
11_A_grid_0_1,11,11.jpg,A,True,,,1,0,1,3.41,116a9c89f5d750f231ddcb19d8bb58e3b49e8851496178d83ce0bc382f7ad7a9,/home/williambenitez1/Capstone_worktrees/1.2_feat__qwen3-vl-8b-instruct__two-pass-refinement/docs/prompt-lab/qwen-v015-human-report-strategy/experiments/automation/human_report_challenge_v2_prompt_iteration_workflow/cycle_001/main_promotion/v017b_prompt_only_main_promotion/v050_fp8_non_oracle_tiling_crop_recovery/tile_outputs/local_only_tiles/11_A_grid_0_1.jpg
11_A_grid_1_0,11,11.jpg,A,True,,,0,0,0,0.392,06ec5223328ef9baf23bee2f41139677e1e71bea438b4e78fa74170aeb1738af,/home/williambenitez1/Capstone_worktrees/1.2_feat__qwen3-vl-8b-instruct__two-pass-refinement/docs/prompt-lab/qwen-v015-human-report-strategy/experiments/automation/human_report_challenge_v2_prompt_iteration_workflow/cycle_001/main_promotion/v017b_prompt_only_main_promotion/v050_fp8_non_oracle_tiling_crop_recovery/tile_outputs/local_only_tiles/11_A_grid_1_0.jpg
11_A_grid_1_1,11,11.jpg,A,True,,,0,0,0,0.379,06ec5223328ef9baf23bee2f41139677e1e71bea438b4e78fa74170aeb1738af,/home/williambenitez1/Capstone_worktrees/1.2_feat__qwen3-vl-8b-instruct__two-pass-refinement/docs/prompt-lab/qwen-v015-human-report-strategy/experiments/automation/human_report_challenge_v2_prompt_iteration_workflow/cycle_001/main_promotion/v017b_prompt_only_main_promotion/v050_fp8_non_oracle_tiling_crop_recovery/tile_outputs/local_only_tiles/11_A_grid_1_1.jpg
11_B_middle_lower_strip,11,11.jpg,B,True,,,1,0,1,3.369,ddd9d8bc29655fbd2193c2b9a605277b6c3d52c86d3e217b70d354d14934b127,/home/williambenitez1/Capstone_worktrees/1.2_feat__qwen3-vl-8b-instruct__two-pass-refinement/docs/prompt-lab/qwen-v015-human-report-strategy/experiments/automation/human_report_challenge_v2_prompt_iteration_workflow/cycle_001/main_promotion/v017b_prompt_only_main_promotion/v050_fp8_non_oracle_tiling_crop_recovery/tile_outputs/local_only_tiles/11_B_middle_lower_strip.jpg
11_B_lower_strip,11,11.jpg,B,True,,,1,0,1,3.227,4ded63cc806e41df5921d81cae69d5805339d5299a4d503c67b24f148687f6d3,/home/williambenitez1/Capstone_worktrees/1.2_feat__qwen3-vl-8b-instruct__two-pass-refinement/docs/prompt-lab/qwen-v015-human-report-strategy/experiments/automation/human_report_challenge_v2_prompt_iteration_workflow/cycle_001/main_promotion/v017b_prompt_only_main_promotion/v050_fp8_non_oracle_tiling_crop_recovery/tile_outputs/local_only_tiles/11_B_lower_strip.jpg
11_C_anchor_0,11,11.jpg,C,True,,,1,0,1,3.277,77f17b1e1625fe5aae3fb739d38a39929158a5f3467c882144b3e9bd35768716,/home/williambenitez1/Capstone_worktrees/1.2_feat__qwen3-vl-8b-instruct__two-pass-refinement/docs/prompt-lab/qwen-v015-human-report-strategy/experiments/automation/human_report_challenge_v2_prompt_iteration_workflow/cycle_001/main_promotion/v017b_prompt_only_main_promotion/v050_fp8_non_oracle_tiling_crop_recovery/tile_outputs/local_only_tiles/11_C_anchor_0.jpg
11_D_center_broad,11,11.jpg,D,True,,,1,0,1,3.035,62a79db33aac58cd29eab53b4ad3ae6f242fffe44fe18310c775764f92ac9c69,/home/williambenitez1/Capstone_worktrees/1.2_feat__qwen3-vl-8b-instruct__two-pass-refinement/docs/prompt-lab/qwen-v015-human-report-strategy/experiments/automation/human_report_challenge_v2_prompt_iteration_workflow/cycle_001/main_promotion/v017b_prompt_only_main_promotion/v050_fp8_non_oracle_tiling_crop_recovery/tile_outputs/local_only_tiles/11_D_center_broad.jpg
14_A_grid_0_0,14,14.jpg,A,True,,,1,0,1,3.278,21a27a368ab8434cd3a794881cba0918c423b735fe4860fb0dbf111ce4a28a8a,/home/williambenitez1/Capstone_worktrees/1.2_feat__qwen3-vl-8b-instruct__two-pass-refinement/docs/prompt-lab/qwen-v015-human-report-strategy/experiments/automation/human_report_challenge_v2_prompt_iteration_workflow/cycle_001/main_promotion/v017b_prompt_only_main_promotion/v050_fp8_non_oracle_tiling_crop_recovery/tile_outputs/local_only_tiles/14_A_grid_0_0.jpg
14_A_grid_0_1,14,14.jpg,A,True,,,1,0,1,4.353,c553f85f59a72ec1f43c9bce6092cd12db7d620bae86f25c35c8649ea609ceb6,/home/williambenitez1/Capstone_worktrees/1.2_feat__qwen3-vl-8b-instruct__two-pass-refinement/docs/prompt-lab/qwen-v015-human-report-strategy/experiments/automation/human_report_challenge_v2_prompt_iteration_workflow/cycle_001/main_promotion/v017b_prompt_only_main_promotion/v050_fp8_non_oracle_tiling_crop_recovery/tile_outputs/local_only_tiles/14_A_grid_0_1.jpg
14_A_grid_1_0,14,14.jpg,A,True,,,1,0,1,3.326,d62330e83d1d5709d007db69dd135ced6734e9bad4b1bc134dc06f75445046cb,/home/williambenitez1/Capstone_worktrees/1.2_feat__qwen3-vl-8b-instruct__two-pass-refinement/docs/prompt-lab/qwen-v015-human-report-strategy/experiments/automation/human_report_challenge_v2_prompt_iteration_workflow/cycle_001/main_promotion/v017b_prompt_only_main_promotion/v050_fp8_non_oracle_tiling_crop_recovery/tile_outputs/local_only_tiles/14_A_grid_1_0.jpg
14_A_grid_1_1,14,14.jpg,A,True,,,1,0,1,3.16,2ca3c63e6c69b9759970b3c07923a4e7381105cf0c3cbf7e7dca355d2e397226,/home/williambenitez1/Capstone_worktrees/1.2_feat__qwen3-vl-8b-instruct__two-pass-refinement/docs/prompt-lab/qwen-v015-human-report-strategy/experiments/automation/human_report_challenge_v2_prompt_iteration_workflow/cycle_001/main_promotion/v017b_prompt_only_main_promotion/v050_fp8_non_oracle_tiling_crop_recovery/tile_outputs/local_only_tiles/14_A_grid_1_1.jpg
14_B_middle_lower_strip,14,14.jpg,B,True,,,1,0,1,2.974,dbefa23e3c4d9e29756ed2e51432618a455f4e6c891aedc1ec5c882ed616d7c8,/home/williambenitez1/Capstone_worktrees/1.2_feat__qwen3-vl-8b-instruct__two-pass-refinement/docs/prompt-lab/qwen-v015-human-report-strategy/experiments/automation/human_report_challenge_v2_prompt_iteration_workflow/cycle_001/main_promotion/v017b_prompt_only_main_promotion/v050_fp8_non_oracle_tiling_crop_recovery/tile_outputs/local_only_tiles/14_B_middle_lower_strip.jpg
14_B_lower_strip,14,14.jpg,B,True,,,1,0,1,3.1,9e708ca01328544d236ce6b4dacb2dced08f659f27f58528fbae7404b08f9b75,/home/williambenitez1/Capstone_worktrees/1.2_feat__qwen3-vl-8b-instruct__two-pass-refinement/docs/prompt-lab/qwen-v015-human-report-strategy/experiments/automation/human_report_challenge_v2_prompt_iteration_workflow/cycle_001/main_promotion/v017b_prompt_only_main_promotion/v050_fp8_non_oracle_tiling_crop_recovery/tile_outputs/local_only_tiles/14_B_lower_strip.jpg
14_C_anchor_0,14,14.jpg,C,True,,,1,0,1,3.304,a6bad0c364b2869977e8f437846283d29abfae054a108bc5075b9679f3aba741,/home/williambenitez1/Capstone_worktrees/1.2_feat__qwen3-vl-8b-instruct__two-pass-refinement/docs/prompt-lab/qwen-v015-human-report-strategy/experiments/automation/human_report_challenge_v2_prompt_iteration_workflow/cycle_001/main_promotion/v017b_prompt_only_main_promotion/v050_fp8_non_oracle_tiling_crop_recovery/tile_outputs/local_only_tiles/14_C_anchor_0.jpg
14_D_center_broad,14,14.jpg,D,True,,,1,0,1,3.362,39f4082cf3f1ec4e8776f65c86db950dbace9ea977fc50f0c245544dd870ef58,/home/williambenitez1/Capstone_worktrees/1.2_feat__qwen3-vl-8b-instruct__two-pass-refinement/docs/prompt-lab/qwen-v015-human-report-strategy/experiments/automation/human_report_challenge_v2_prompt_iteration_workflow/cycle_001/main_promotion/v017b_prompt_only_main_promotion/v050_fp8_non_oracle_tiling_crop_recovery/tile_outputs/local_only_tiles/14_D_center_broad.jpg
20_A_grid_0_0,20,20.jpg,A,True,,,1,0,1,3.543,e4e68af856c825eca1ee501c49c01ac9c4e76e6c21f8f46fdfa1dd154b4e286d,/home/williambenitez1/Capstone_worktrees/1.2_feat__qwen3-vl-8b-instruct__two-pass-refinement/docs/prompt-lab/qwen-v015-human-report-strategy/experiments/automation/human_report_challenge_v2_prompt_iteration_workflow/cycle_001/main_promotion/v017b_prompt_only_main_promotion/v050_fp8_non_oracle_tiling_crop_recovery/tile_outputs/local_only_tiles/20_A_grid_0_0.jpg
20_A_grid_0_1,20,20.jpg,A,True,,,1,0,1,3.348,787d65c23cafc55f090aab42c0dc7c53207fe82c6e19263579a1572514eaaaf9,/home/williambenitez1/Capstone_worktrees/1.2_feat__qwen3-vl-8b-instruct__two-pass-refinement/docs/prompt-lab/qwen-v015-human-report-strategy/experiments/automation/human_report_challenge_v2_prompt_iteration_workflow/cycle_001/main_promotion/v017b_prompt_only_main_promotion/v050_fp8_non_oracle_tiling_crop_recovery/tile_outputs/local_only_tiles/20_A_grid_0_1.jpg
20_A_grid_1_0,20,20.jpg,A,True,,,1,0,1,3.23,b545e554d7cc51208fcede6ba62fd5760c7bb7f886794894d3159e3e62631fc5,/home/williambenitez1/Capstone_worktrees/1.2_feat__qwen3-vl-8b-instruct__two-pass-refinement/docs/prompt-lab/qwen-v015-human-report-strategy/experiments/automation/human_report_challenge_v2_prompt_iteration_workflow/cycle_001/main_promotion/v017b_prompt_only_main_promotion/v050_fp8_non_oracle_tiling_crop_recovery/tile_outputs/local_only_tiles/20_A_grid_1_0.jpg
20_A_grid_1_1,20,20.jpg,A,True,,,2,0,2,6.537,b7b933387b140636b161fa1f8de3766c95a0b91061ef72cc78571497685c88e2,/home/williambenitez1/Capstone_worktrees/1.2_feat__qwen3-vl-8b-instruct__two-pass-refinement/docs/prompt-lab/qwen-v015-human-report-strategy/experiments/automation/human_report_challenge_v2_prompt_iteration_workflow/cycle_001/main_promotion/v017b_prompt_only_main_promotion/v050_fp8_non_oracle_tiling_crop_recovery/tile_outputs/local_only_tiles/20_A_grid_1_1.jpg
20_B_middle_lower_strip,20,20.jpg,B,True,,,1,0,1,3.355,2655bd5ba708b6ab0855cf1b7c9dea7511aa3f5ebbd72e601f3a946b913a9d47,/home/williambenitez1/Capstone_worktrees/1.2_feat__qwen3-vl-8b-instruct__two-pass-refinement/docs/prompt-lab/qwen-v015-human-report-strategy/experiments/automation/human_report_challenge_v2_prompt_iteration_workflow/cycle_001/main_promotion/v017b_prompt_only_main_promotion/v050_fp8_non_oracle_tiling_crop_recovery/tile_outputs/local_only_tiles/20_B_middle_lower_strip.jpg
20_B_lower_strip,20,20.jpg,B,True,,,1,0,1,3.189,b0651773509855010a18c3e1c4f01b418be4a6ebb09450dc13f1125146ca05da,/home/williambenitez1/Capstone_worktrees/1.2_feat__qwen3-vl-8b-instruct__two-pass-refinement/docs/prompt-lab/qwen-v015-human-report-strategy/experiments/automation/human_report_challenge_v2_prompt_iteration_workflow/cycle_001/main_promotion/v017b_prompt_only_main_promotion/v050_fp8_non_oracle_tiling_crop_recovery/tile_outputs/local_only_tiles/20_B_lower_strip.jpg
20_C_anchor_0,20,20.jpg,C,True,,,1,0,1,5.035,f93cca2e4979e7cbf92ef835bef1e48621033d302d67705d8fd23ea6afd2b09c,/home/williambenitez1/Capstone_worktrees/1.2_feat__qwen3-vl-8b-instruct__two-pass-refinement/docs/prompt-lab/qwen-v015-human-report-strategy/experiments/automation/human_report_challenge_v2_prompt_iteration_workflow/cycle_001/main_promotion/v017b_prompt_only_main_promotion/v050_fp8_non_oracle_tiling_crop_recovery/tile_outputs/local_only_tiles/20_C_anchor_0.jpg
20_D_center_broad,20,20.jpg,D,True,,,1,0,1,3.465,954146aa0f55d6d2797152bc3247279e0783624accaf0fdaffd308fdf15936ed,/home/williambenitez1/Capstone_worktrees/1.2_feat__qwen3-vl-8b-instruct__two-pass-refinement/docs/prompt-lab/qwen-v015-human-report-strategy/experiments/automation/human_report_challenge_v2_prompt_iteration_workflow/cycle_001/main_promotion/v017b_prompt_only_main_promotion/v050_fp8_non_oracle_tiling_crop_recovery/tile_outputs/local_only_tiles/20_D_center_broad.jpg
21_A_grid_0_0,21,21.jpg,A,True,,,1,0,1,3.009,f43b6cb4536ad4d5905a5d6458e7f0aacf71819064af5a0c8eb50a9d31dd6c20,/home/williambenitez1/Capstone_worktrees/1.2_feat__qwen3-vl-8b-instruct__two-pass-refinement/docs/prompt-lab/qwen-v015-human-report-strategy/experiments/automation/human_report_challenge_v2_prompt_iteration_workflow/cycle_001/main_promotion/v017b_prompt_only_main_promotion/v050_fp8_non_oracle_tiling_crop_recovery/tile_outputs/local_only_tiles/21_A_grid_0_0.jpg
21_A_grid_0_1,21,21.jpg,A,True,,,3,0,3,13.328,4f5b1b9e048d390038ac8bbc76bf914c33a5e1f372a400b16010da5a2095268d,/home/williambenitez1/Capstone_worktrees/1.2_feat__qwen3-vl-8b-instruct__two-pass-refinement/docs/prompt-lab/qwen-v015-human-report-strategy/experiments/automation/human_report_challenge_v2_prompt_iteration_workflow/cycle_001/main_promotion/v017b_prompt_only_main_promotion/v050_fp8_non_oracle_tiling_crop_recovery/tile_outputs/local_only_tiles/21_A_grid_0_1.jpg
21_A_grid_1_0,21,21.jpg,A,True,,,2,0,2,5.458,6f0a929e22d0bead65bc207252cd180d4a008df9dc5014ae607a9f22adae2bf7,/home/williambenitez1/Capstone_worktrees/1.2_feat__qwen3-vl-8b-instruct__two-pass-refinement/docs/prompt-lab/qwen-v015-human-report-strategy/experiments/automation/human_report_challenge_v2_prompt_iteration_workflow/cycle_001/main_promotion/v017b_prompt_only_main_promotion/v050_fp8_non_oracle_tiling_crop_recovery/tile_outputs/local_only_tiles/21_A_grid_1_0.jpg
21_A_grid_1_1,21,21.jpg,A,True,,,2,0,2,5.841,fd9d05e2422ea488445491867faa0be177d55837558e3b1097af79c1b5f0fe4e,/home/williambenitez1/Capstone_worktrees/1.2_feat__qwen3-vl-8b-instruct__two-pass-refinement/docs/prompt-lab/qwen-v015-human-report-strategy/experiments/automation/human_report_challenge_v2_prompt_iteration_workflow/cycle_001/main_promotion/v017b_prompt_only_main_promotion/v050_fp8_non_oracle_tiling_crop_recovery/tile_outputs/local_only_tiles/21_A_grid_1_1.jpg
21_B_middle_lower_strip,21,21.jpg,B,True,,,2,0,2,9.574,04c64b5803e48f532ffd9052dfb5e21514226b52052ea9f950f98b857668e30d,/home/williambenitez1/Capstone_worktrees/1.2_feat__qwen3-vl-8b-instruct__two-pass-refinement/docs/prompt-lab/qwen-v015-human-report-strategy/experiments/automation/human_report_challenge_v2_prompt_iteration_workflow/cycle_001/main_promotion/v017b_prompt_only_main_promotion/v050_fp8_non_oracle_tiling_crop_recovery/tile_outputs/local_only_tiles/21_B_middle_lower_strip.jpg
21_B_lower_strip,21,21.jpg,B,True,,,3,0,3,15.878,a7f3a56bdf87920422255ae449e20cd1da4c6884f8cf3682c56098ad5e513359,/home/williambenitez1/Capstone_worktrees/1.2_feat__qwen3-vl-8b-instruct__two-pass-refinement/docs/prompt-lab/qwen-v015-human-report-strategy/experiments/automation/human_report_challenge_v2_prompt_iteration_workflow/cycle_001/main_promotion/v017b_prompt_only_main_promotion/v050_fp8_non_oracle_tiling_crop_recovery/tile_outputs/local_only_tiles/21_B_lower_strip.jpg
21_C_anchor_0,21,21.jpg,C,True,,,3,0,3,8.564,ad80c39687dda7840d50491fa4f2c573e7ccd2f631a10214b3bfcf8504da96e6,/home/williambenitez1/Capstone_worktrees/1.2_feat__qwen3-vl-8b-instruct__two-pass-refinement/docs/prompt-lab/qwen-v015-human-report-strategy/experiments/automation/human_report_challenge_v2_prompt_iteration_workflow/cycle_001/main_promotion/v017b_prompt_only_main_promotion/v050_fp8_non_oracle_tiling_crop_recovery/tile_outputs/local_only_tiles/21_C_anchor_0.jpg
21_C_anchor_1,21,21.jpg,C,True,,,3,0,3,8.243,140f4ff936c785aa42c0683a48827c32274d2292238a148f7d7b16847d33a7a9,/home/williambenitez1/Capstone_worktrees/1.2_feat__qwen3-vl-8b-instruct__two-pass-refinement/docs/prompt-lab/qwen-v015-human-report-strategy/experiments/automation/human_report_challenge_v2_prompt_iteration_workflow/cycle_001/main_promotion/v017b_prompt_only_main_promotion/v050_fp8_non_oracle_tiling_crop_recovery/tile_outputs/local_only_tiles/21_C_anchor_1.jpg
21_D_center_broad,21,21.jpg,D,True,,,2,0,2,8.356,fe6114d704032c0edb5394995aa044113dc815c204c1d0e865601bf34e40f529,/home/williambenitez1/Capstone_worktrees/1.2_feat__qwen3-vl-8b-instruct__two-pass-refinement/docs/prompt-lab/qwen-v015-human-report-strategy/experiments/automation/human_report_challenge_v2_prompt_iteration_workflow/cycle_001/main_promotion/v017b_prompt_only_main_promotion/v050_fp8_non_oracle_tiling_crop_recovery/tile_outputs/local_only_tiles/21_D_center_broad.jpg
40_A_grid_0_0,40,40.png,A,True,,,0,0,0,0.346,06ec5223328ef9baf23bee2f41139677e1e71bea438b4e78fa74170aeb1738af,/home/williambenitez1/Capstone_worktrees/1.2_feat__qwen3-vl-8b-instruct__two-pass-refinement/docs/prompt-lab/qwen-v015-human-report-strategy/experiments/automation/human_report_challenge_v2_prompt_iteration_workflow/cycle_001/main_promotion/v017b_prompt_only_main_promotion/v050_fp8_non_oracle_tiling_crop_recovery/tile_outputs/local_only_tiles/40_A_grid_0_0.png
40_A_grid_0_1,40,40.png,A,True,,,0,0,0,0.36,06ec5223328ef9baf23bee2f41139677e1e71bea438b4e78fa74170aeb1738af,/home/williambenitez1/Capstone_worktrees/1.2_feat__qwen3-vl-8b-instruct__two-pass-refinement/docs/prompt-lab/qwen-v015-human-report-strategy/experiments/automation/human_report_challenge_v2_prompt_iteration_workflow/cycle_001/main_promotion/v017b_prompt_only_main_promotion/v050_fp8_non_oracle_tiling_crop_recovery/tile_outputs/local_only_tiles/40_A_grid_0_1.png
40_A_grid_1_0,40,40.png,A,True,,,0,0,0,0.356,06ec5223328ef9baf23bee2f41139677e1e71bea438b4e78fa74170aeb1738af,/home/williambenitez1/Capstone_worktrees/1.2_feat__qwen3-vl-8b-instruct__two-pass-refinement/docs/prompt-lab/qwen-v015-human-report-strategy/experiments/automation/human_report_challenge_v2_prompt_iteration_workflow/cycle_001/main_promotion/v017b_prompt_only_main_promotion/v050_fp8_non_oracle_tiling_crop_recovery/tile_outputs/local_only_tiles/40_A_grid_1_0.png
40_A_grid_1_1,40,40.png,A,True,,,0,0,0,0.347,06ec5223328ef9baf23bee2f41139677e1e71bea438b4e78fa74170aeb1738af,/home/williambenitez1/Capstone_worktrees/1.2_feat__qwen3-vl-8b-instruct__two-pass-refinement/docs/prompt-lab/qwen-v015-human-report-strategy/experiments/automation/human_report_challenge_v2_prompt_iteration_workflow/cycle_001/main_promotion/v017b_prompt_only_main_promotion/v050_fp8_non_oracle_tiling_crop_recovery/tile_outputs/local_only_tiles/40_A_grid_1_1.png
40_B_middle_lower_strip,40,40.png,B,True,,,0,0,0,1.357,06ec5223328ef9baf23bee2f41139677e1e71bea438b4e78fa74170aeb1738af,/home/williambenitez1/Capstone_worktrees/1.2_feat__qwen3-vl-8b-instruct__two-pass-refinement/docs/prompt-lab/qwen-v015-human-report-strategy/experiments/automation/human_report_challenge_v2_prompt_iteration_workflow/cycle_001/main_promotion/v017b_prompt_only_main_promotion/v050_fp8_non_oracle_tiling_crop_recovery/tile_outputs/local_only_tiles/40_B_middle_lower_strip.png
40_B_lower_strip,40,40.png,B,True,,,0,0,0,0.357,06ec5223328ef9baf23bee2f41139677e1e71bea438b4e78fa74170aeb1738af,/home/williambenitez1/Capstone_worktrees/1.2_feat__qwen3-vl-8b-instruct__two-pass-refinement/docs/prompt-lab/qwen-v015-human-report-strategy/experiments/automation/human_report_challenge_v2_prompt_iteration_workflow/cycle_001/main_promotion/v017b_prompt_only_main_promotion/v050_fp8_non_oracle_tiling_crop_recovery/tile_outputs/local_only_tiles/40_B_lower_strip.png
40_C_anchor_0,40,40.png,C,True,,,0,0,0,0.379,06ec5223328ef9baf23bee2f41139677e1e71bea438b4e78fa74170aeb1738af,/home/williambenitez1/Capstone_worktrees/1.2_feat__qwen3-vl-8b-instruct__two-pass-refinement/docs/prompt-lab/qwen-v015-human-report-strategy/experiments/automation/human_report_challenge_v2_prompt_iteration_workflow/cycle_001/main_promotion/v017b_prompt_only_main_promotion/v050_fp8_non_oracle_tiling_crop_recovery/tile_outputs/local_only_tiles/40_C_anchor_0.png
40_D_center_broad,40,40.png,D,True,,,0,0,0,0.359,06ec5223328ef9baf23bee2f41139677e1e71bea438b4e78fa74170aeb1738af,/home/williambenitez1/Capstone_worktrees/1.2_feat__qwen3-vl-8b-instruct__two-pass-refinement/docs/prompt-lab/qwen-v015-human-report-strategy/experiments/automation/human_report_challenge_v2_prompt_iteration_workflow/cycle_001/main_promotion/v017b_prompt_only_main_promotion/v050_fp8_non_oracle_tiling_crop_recovery/tile_outputs/local_only_tiles/40_D_center_broad.png
42_A_grid_0_0,42,42.png,A,True,,,1,0,1,3.021,97c7a4a8317fbe3966b360d5b3b03d4b5e2a1c0b38b6ccef42519197f43e611b,/home/williambenitez1/Capstone_worktrees/1.2_feat__qwen3-vl-8b-instruct__two-pass-refinement/docs/prompt-lab/qwen-v015-human-report-strategy/experiments/automation/human_report_challenge_v2_prompt_iteration_workflow/cycle_001/main_promotion/v017b_prompt_only_main_promotion/v050_fp8_non_oracle_tiling_crop_recovery/tile_outputs/local_only_tiles/42_A_grid_0_0.png
42_A_grid_0_1,42,42.png,A,True,,,1,1,0,3.327,aaa25f18d3b77a4fab3de7d68d6f2ca62813453ae43a2e1ff968c31bcbd7aece,/home/williambenitez1/Capstone_worktrees/1.2_feat__qwen3-vl-8b-instruct__two-pass-refinement/docs/prompt-lab/qwen-v015-human-report-strategy/experiments/automation/human_report_challenge_v2_prompt_iteration_workflow/cycle_001/main_promotion/v017b_prompt_only_main_promotion/v050_fp8_non_oracle_tiling_crop_recovery/tile_outputs/local_only_tiles/42_A_grid_0_1.png
42_A_grid_1_0,42,42.png,A,True,,,2,0,2,6.575,b7bcda5f7016d44840180f4af2df092c1dab3dda5e9acbe38c0718c03e9c47cb,/home/williambenitez1/Capstone_worktrees/1.2_feat__qwen3-vl-8b-instruct__two-pass-refinement/docs/prompt-lab/qwen-v015-human-report-strategy/experiments/automation/human_report_challenge_v2_prompt_iteration_workflow/cycle_001/main_promotion/v017b_prompt_only_main_promotion/v050_fp8_non_oracle_tiling_crop_recovery/tile_outputs/local_only_tiles/42_A_grid_1_0.png
42_A_grid_1_1,42,42.png,A,True,,,1,1,0,3.338,527c2c6e302194761c5dab0a1d9d34e3a11639a7432718ca33ab943c7cd0b486,/home/williambenitez1/Capstone_worktrees/1.2_feat__qwen3-vl-8b-instruct__two-pass-refinement/docs/prompt-lab/qwen-v015-human-report-strategy/experiments/automation/human_report_challenge_v2_prompt_iteration_workflow/cycle_001/main_promotion/v017b_prompt_only_main_promotion/v050_fp8_non_oracle_tiling_crop_recovery/tile_outputs/local_only_tiles/42_A_grid_1_1.png
42_B_middle_lower_strip,42,42.png,B,True,,,1,0,1,3.495,f0ef763c58ca7acfd653452f3dbd5c65f30b6be85863f01d5434f402e7247f08,/home/williambenitez1/Capstone_worktrees/1.2_feat__qwen3-vl-8b-instruct__two-pass-refinement/docs/prompt-lab/qwen-v015-human-report-strategy/experiments/automation/human_report_challenge_v2_prompt_iteration_workflow/cycle_001/main_promotion/v017b_prompt_only_main_promotion/v050_fp8_non_oracle_tiling_crop_recovery/tile_outputs/local_only_tiles/42_B_middle_lower_strip.png
42_B_lower_strip,42,42.png,B,True,,,1,0,1,3.458,1ef8b9c10aea21fe64f1b163d7a7ffb88faaec17ab254f010302b8dacc18a818,/home/williambenitez1/Capstone_worktrees/1.2_feat__qwen3-vl-8b-instruct__two-pass-refinement/docs/prompt-lab/qwen-v015-human-report-strategy/experiments/automation/human_report_challenge_v2_prompt_iteration_workflow/cycle_001/main_promotion/v017b_prompt_only_main_promotion/v050_fp8_non_oracle_tiling_crop_recovery/tile_outputs/local_only_tiles/42_B_lower_strip.png
42_C_anchor_0,42,42.png,C,True,,,1,1,0,3.648,92df23dee33fc0be969a76342fad6defad7c2a6081da222491b12774f53f856e,/home/williambenitez1/Capstone_worktrees/1.2_feat__qwen3-vl-8b-instruct__two-pass-refinement/docs/prompt-lab/qwen-v015-human-report-strategy/experiments/automation/human_report_challenge_v2_prompt_iteration_workflow/cycle_001/main_promotion/v017b_prompt_only_main_promotion/v050_fp8_non_oracle_tiling_crop_recovery/tile_outputs/local_only_tiles/42_C_anchor_0.png
42_D_center_broad,42,42.png,D,True,,,1,0,1,3.529,ece808ae306263b4d9b52ed98a056141743ae127ed311e06dbbe5181550e7a75,/home/williambenitez1/Capstone_worktrees/1.2_feat__qwen3-vl-8b-instruct__two-pass-refinement/docs/prompt-lab/qwen-v015-human-report-strategy/experiments/automation/human_report_challenge_v2_prompt_iteration_workflow/cycle_001/main_promotion/v017b_prompt_only_main_promotion/v050_fp8_non_oracle_tiling_crop_recovery/tile_outputs/local_only_tiles/42_D_center_broad.png
44_A_grid_0_0,44,44.jpg,A,True,,,2,2,0,7.466,2537796755534d54c64d51dcde865f83b705e2991e033e50f63ae164bab29f40,/home/williambenitez1/Capstone_worktrees/1.2_feat__qwen3-vl-8b-instruct__two-pass-refinement/docs/prompt-lab/qwen-v015-human-report-strategy/experiments/automation/human_report_challenge_v2_prompt_iteration_workflow/cycle_001/main_promotion/v017b_prompt_only_main_promotion/v050_fp8_non_oracle_tiling_crop_recovery/tile_outputs/local_only_tiles/44_A_grid_0_0.jpg
44_A_grid_0_1,44,44.jpg,A,True,,,5,5,0,13.409,cce1141fbeac2c4177aa7e431440623f72e2e971d0b5e83cadb83aefff3b436b,/home/williambenitez1/Capstone_worktrees/1.2_feat__qwen3-vl-8b-instruct__two-pass-refinement/docs/prompt-lab/qwen-v015-human-report-strategy/experiments/automation/human_report_challenge_v2_prompt_iteration_workflow/cycle_001/main_promotion/v017b_prompt_only_main_promotion/v050_fp8_non_oracle_tiling_crop_recovery/tile_outputs/local_only_tiles/44_A_grid_0_1.jpg
44_A_grid_1_0,44,44.jpg,A,True,,,3,1,2,7.608,44b81cc2331eff87e8f82f04b3a43b04ba768648cd81a8e629c5d1422697d5cf,/home/williambenitez1/Capstone_worktrees/1.2_feat__qwen3-vl-8b-instruct__two-pass-refinement/docs/prompt-lab/qwen-v015-human-report-strategy/experiments/automation/human_report_challenge_v2_prompt_iteration_workflow/cycle_001/main_promotion/v017b_prompt_only_main_promotion/v050_fp8_non_oracle_tiling_crop_recovery/tile_outputs/local_only_tiles/44_A_grid_1_0.jpg
44_A_grid_1_1,44,44.jpg,A,True,,,4,1,3,10.877,ab2728d614c6bb20e8ced7d6061a19e2487acddfa2611d8e630c68cba581074f,/home/williambenitez1/Capstone_worktrees/1.2_feat__qwen3-vl-8b-instruct__two-pass-refinement/docs/prompt-lab/qwen-v015-human-report-strategy/experiments/automation/human_report_challenge_v2_prompt_iteration_workflow/cycle_001/main_promotion/v017b_prompt_only_main_promotion/v050_fp8_non_oracle_tiling_crop_recovery/tile_outputs/local_only_tiles/44_A_grid_1_1.jpg
44_B_middle_lower_strip,44,44.jpg,B,True,,,7,3,4,19.71,3c61da07d3e372d4eebfb42e29b0f2ca3ff29e3f1b52d1d923bdd1afdbffb4ff,/home/williambenitez1/Capstone_worktrees/1.2_feat__qwen3-vl-8b-instruct__two-pass-refinement/docs/prompt-lab/qwen-v015-human-report-strategy/experiments/automation/human_report_challenge_v2_prompt_iteration_workflow/cycle_001/main_promotion/v017b_prompt_only_main_promotion/v050_fp8_non_oracle_tiling_crop_recovery/tile_outputs/local_only_tiles/44_B_middle_lower_strip.jpg
44_B_lower_strip,44,44.jpg,B,True,,,4,1,3,12.598,ae4895f69b63ea9150977f8e2c09e60f9499338ee7f032b24b4dcaf82bcca346,/home/williambenitez1/Capstone_worktrees/1.2_feat__qwen3-vl-8b-instruct__two-pass-refinement/docs/prompt-lab/qwen-v015-human-report-strategy/experiments/automation/human_report_challenge_v2_prompt_iteration_workflow/cycle_001/main_promotion/v017b_prompt_only_main_promotion/v050_fp8_non_oracle_tiling_crop_recovery/tile_outputs/local_only_tiles/44_B_lower_strip.jpg
44_C_anchor_0,44,44.jpg,C,True,,,5,4,1,14.158,d1992ff0c39d4f32435caadbba129d6d382403a110d074a4a8597634be273963,/home/williambenitez1/Capstone_worktrees/1.2_feat__qwen3-vl-8b-instruct__two-pass-refinement/docs/prompt-lab/qwen-v015-human-report-strategy/experiments/automation/human_report_challenge_v2_prompt_iteration_workflow/cycle_001/main_promotion/v017b_prompt_only_main_promotion/v050_fp8_non_oracle_tiling_crop_recovery/tile_outputs/local_only_tiles/44_C_anchor_0.jpg
44_C_anchor_1,44,44.jpg,C,True,,,2,0,2,6.935,25c3940e6ff40c3acb3ed130468bc0a96790576856aab38af169e3cec9a90bd3,/home/williambenitez1/Capstone_worktrees/1.2_feat__qwen3-vl-8b-instruct__two-pass-refinement/docs/prompt-lab/qwen-v015-human-report-strategy/experiments/automation/human_report_challenge_v2_prompt_iteration_workflow/cycle_001/main_promotion/v017b_prompt_only_main_promotion/v050_fp8_non_oracle_tiling_crop_recovery/tile_outputs/local_only_tiles/44_C_anchor_1.jpg
44_C_anchor_2,44,44.jpg,C,True,,,1,1,0,3.239,9d1730e2f12ee95ad87651c178e88360f69ccf31301fb46a8aabc8d3d440ae46,/home/williambenitez1/Capstone_worktrees/1.2_feat__qwen3-vl-8b-instruct__two-pass-refinement/docs/prompt-lab/qwen-v015-human-report-strategy/experiments/automation/human_report_challenge_v2_prompt_iteration_workflow/cycle_001/main_promotion/v017b_prompt_only_main_promotion/v050_fp8_non_oracle_tiling_crop_recovery/tile_outputs/local_only_tiles/44_C_anchor_2.jpg
44_D_center_broad,44,44.jpg,D,True,,,7,7,0,27.4,11ea5100e2deede56d006cc82928e3f2bc5c17419bf5e2b83de99f783fe2aa69,/home/williambenitez1/Capstone_worktrees/1.2_feat__qwen3-vl-8b-instruct__two-pass-refinement/docs/prompt-lab/qwen-v015-human-report-strategy/experiments/automation/human_report_challenge_v2_prompt_iteration_workflow/cycle_001/main_promotion/v017b_prompt_only_main_promotion/v050_fp8_non_oracle_tiling_crop_recovery/tile_outputs/local_only_tiles/44_D_center_broad.jpg
53_A_grid_0_0,53,53.jpg,A,True,,,1,0,1,3.474,cb7caeee0d80c869048f4763c97fecc286938dbcfeb3490d3e861737fd552b59,/home/williambenitez1/Capstone_worktrees/1.2_feat__qwen3-vl-8b-instruct__two-pass-refinement/docs/prompt-lab/qwen-v015-human-report-strategy/experiments/automation/human_report_challenge_v2_prompt_iteration_workflow/cycle_001/main_promotion/v017b_prompt_only_main_promotion/v050_fp8_non_oracle_tiling_crop_recovery/tile_outputs/local_only_tiles/53_A_grid_0_0.jpg
53_A_grid_0_1,53,53.jpg,A,True,,,1,0,1,3.399,968160b7e47b6782cd3abe37599b0a47b8ed3e5c975758ce61c59837e9cb2e4c,/home/williambenitez1/Capstone_worktrees/1.2_feat__qwen3-vl-8b-instruct__two-pass-refinement/docs/prompt-lab/qwen-v015-human-report-strategy/experiments/automation/human_report_challenge_v2_prompt_iteration_workflow/cycle_001/main_promotion/v017b_prompt_only_main_promotion/v050_fp8_non_oracle_tiling_crop_recovery/tile_outputs/local_only_tiles/53_A_grid_0_1.jpg
53_A_grid_1_0,53,53.jpg,A,True,,,2,0,2,7.424,2819838d1167c4be5ae0428495fe8fc5927e2c12f1c886e705df795760bd6068,/home/williambenitez1/Capstone_worktrees/1.2_feat__qwen3-vl-8b-instruct__two-pass-refinement/docs/prompt-lab/qwen-v015-human-report-strategy/experiments/automation/human_report_challenge_v2_prompt_iteration_workflow/cycle_001/main_promotion/v017b_prompt_only_main_promotion/v050_fp8_non_oracle_tiling_crop_recovery/tile_outputs/local_only_tiles/53_A_grid_1_0.jpg
53_A_grid_1_1,53,53.jpg,A,True,,,1,0,1,3.802,aba79c72b859dd244ec4be5e1f2672178b7f9ba76a20ad5f5d38e37e4d135ffc,/home/williambenitez1/Capstone_worktrees/1.2_feat__qwen3-vl-8b-instruct__two-pass-refinement/docs/prompt-lab/qwen-v015-human-report-strategy/experiments/automation/human_report_challenge_v2_prompt_iteration_workflow/cycle_001/main_promotion/v017b_prompt_only_main_promotion/v050_fp8_non_oracle_tiling_crop_recovery/tile_outputs/local_only_tiles/53_A_grid_1_1.jpg
53_B_middle_lower_strip,53,53.jpg,B,True,,,2,0,2,6.095,c4f25ebe22e000128908adffe2dba1f349223fd0c7fbd25c97fb9c4adc5be9d9,/home/williambenitez1/Capstone_worktrees/1.2_feat__qwen3-vl-8b-instruct__two-pass-refinement/docs/prompt-lab/qwen-v015-human-report-strategy/experiments/automation/human_report_challenge_v2_prompt_iteration_workflow/cycle_001/main_promotion/v017b_prompt_only_main_promotion/v050_fp8_non_oracle_tiling_crop_recovery/tile_outputs/local_only_tiles/53_B_middle_lower_strip.jpg
53_B_lower_strip,53,53.jpg,B,True,,,1,0,1,3.555,57f436b154dd6858fcb917be26e846d086230cdaaeee102b9b4e7a5b0544c520,/home/williambenitez1/Capstone_worktrees/1.2_feat__qwen3-vl-8b-instruct__two-pass-refinement/docs/prompt-lab/qwen-v015-human-report-strategy/experiments/automation/human_report_challenge_v2_prompt_iteration_workflow/cycle_001/main_promotion/v017b_prompt_only_main_promotion/v050_fp8_non_oracle_tiling_crop_recovery/tile_outputs/local_only_tiles/53_B_lower_strip.jpg
53_C_anchor_0,53,53.jpg,C,True,,,2,2,0,6.434,5a3d82f996d35308f1a57c894f73d5a8a9666c1f193207a476e558825184ffdd,/home/williambenitez1/Capstone_worktrees/1.2_feat__qwen3-vl-8b-instruct__two-pass-refinement/docs/prompt-lab/qwen-v015-human-report-strategy/experiments/automation/human_report_challenge_v2_prompt_iteration_workflow/cycle_001/main_promotion/v017b_prompt_only_main_promotion/v050_fp8_non_oracle_tiling_crop_recovery/tile_outputs/local_only_tiles/53_C_anchor_0.jpg
53_C_anchor_1,53,53.jpg,C,True,,,1,1,0,3.898,e00ae7ad592e5a8797319fdde1b67fc2151e43c734272dbc5a074bc0fa2831ee,/home/williambenitez1/Capstone_worktrees/1.2_feat__qwen3-vl-8b-instruct__two-pass-refinement/docs/prompt-lab/qwen-v015-human-report-strategy/experiments/automation/human_report_challenge_v2_prompt_iteration_workflow/cycle_001/main_promotion/v017b_prompt_only_main_promotion/v050_fp8_non_oracle_tiling_crop_recovery/tile_outputs/local_only_tiles/53_C_anchor_1.jpg
53_D_center_broad,53,53.jpg,D,True,,,2,2,0,9.005,c9aa0f2a496353ac7e14175b8a8f6f62f8292e502697682dfb3857993d4f76b6,/home/williambenitez1/Capstone_worktrees/1.2_feat__qwen3-vl-8b-instruct__two-pass-refinement/docs/prompt-lab/qwen-v015-human-report-strategy/experiments/automation/human_report_challenge_v2_prompt_iteration_workflow/cycle_001/main_promotion/v017b_prompt_only_main_promotion/v050_fp8_non_oracle_tiling_crop_recovery/tile_outputs/local_only_tiles/53_D_center_broad.jpg
66_A_grid_0_0,66,66.jpg,A,True,,,2,0,2,6.226,a831e3646be61928cd45f48cfb49a7e81d59ce54e155c9da56d745c733c0aff7,/home/williambenitez1/Capstone_worktrees/1.2_feat__qwen3-vl-8b-instruct__two-pass-refinement/docs/prompt-lab/qwen-v015-human-report-strategy/experiments/automation/human_report_challenge_v2_prompt_iteration_workflow/cycle_001/main_promotion/v017b_prompt_only_main_promotion/v050_fp8_non_oracle_tiling_crop_recovery/tile_outputs/local_only_tiles/66_A_grid_0_0.jpg
66_A_grid_0_1,66,66.jpg,A,True,,,10,6,4,29.83,c3a11e6324092c332de2957d9627b8736c3ff42b73d2d8e0f97f34c27bb0faae,/home/williambenitez1/Capstone_worktrees/1.2_feat__qwen3-vl-8b-instruct__two-pass-refinement/docs/prompt-lab/qwen-v015-human-report-strategy/experiments/automation/human_report_challenge_v2_prompt_iteration_workflow/cycle_001/main_promotion/v017b_prompt_only_main_promotion/v050_fp8_non_oracle_tiling_crop_recovery/tile_outputs/local_only_tiles/66_A_grid_0_1.jpg
66_A_grid_1_0,66,66.jpg,A,True,,,2,0,2,6.662,dab42bb544e557d1b5ac7c9b5b0f69e6b74dd88b0ed7cf73bc1a33841df99972,/home/williambenitez1/Capstone_worktrees/1.2_feat__qwen3-vl-8b-instruct__two-pass-refinement/docs/prompt-lab/qwen-v015-human-report-strategy/experiments/automation/human_report_challenge_v2_prompt_iteration_workflow/cycle_001/main_promotion/v017b_prompt_only_main_promotion/v050_fp8_non_oracle_tiling_crop_recovery/tile_outputs/local_only_tiles/66_A_grid_1_0.jpg
66_A_grid_1_1,66,66.jpg,A,True,,,2,0,2,5.885,f29c355fb09fb8e79e1220ee1a9a27dcdbfbe651bee13375fda269825781b4c3,/home/williambenitez1/Capstone_worktrees/1.2_feat__qwen3-vl-8b-instruct__two-pass-refinement/docs/prompt-lab/qwen-v015-human-report-strategy/experiments/automation/human_report_challenge_v2_prompt_iteration_workflow/cycle_001/main_promotion/v017b_prompt_only_main_promotion/v050_fp8_non_oracle_tiling_crop_recovery/tile_outputs/local_only_tiles/66_A_grid_1_1.jpg
66_B_middle_lower_strip,66,66.jpg,B,True,,,7,0,7,22.684,da0370cd7750e7583994fef6894d571e763838eba0ebb50d31aae1efea68c420,/home/williambenitez1/Capstone_worktrees/1.2_feat__qwen3-vl-8b-instruct__two-pass-refinement/docs/prompt-lab/qwen-v015-human-report-strategy/experiments/automation/human_report_challenge_v2_prompt_iteration_workflow/cycle_001/main_promotion/v017b_prompt_only_main_promotion/v050_fp8_non_oracle_tiling_crop_recovery/tile_outputs/local_only_tiles/66_B_middle_lower_strip.jpg
66_B_lower_strip,66,66.jpg,B,True,,,3,0,3,8.05,4bcec84305f5777adfbbe6f0a85f18a812de0b882bed3a41e95cf7249904027e,/home/williambenitez1/Capstone_worktrees/1.2_feat__qwen3-vl-8b-instruct__two-pass-refinement/docs/prompt-lab/qwen-v015-human-report-strategy/experiments/automation/human_report_challenge_v2_prompt_iteration_workflow/cycle_001/main_promotion/v017b_prompt_only_main_promotion/v050_fp8_non_oracle_tiling_crop_recovery/tile_outputs/local_only_tiles/66_B_lower_strip.jpg
66_C_anchor_0,66,66.jpg,C,True,,,5,0,5,14.467,fa34ae79d038dca9113605468000eaf149ccc4ff3ca09b79f3008854538d6494,/home/williambenitez1/Capstone_worktrees/1.2_feat__qwen3-vl-8b-instruct__two-pass-refinement/docs/prompt-lab/qwen-v015-human-report-strategy/experiments/automation/human_report_challenge_v2_prompt_iteration_workflow/cycle_001/main_promotion/v017b_prompt_only_main_promotion/v050_fp8_non_oracle_tiling_crop_recovery/tile_outputs/local_only_tiles/66_C_anchor_0.jpg
66_C_anchor_1,66,66.jpg,C,True,,,3,0,3,9.666,5afdb9ed6b5c1fb39e636155ce53f0841c4b24637d19d558cebced1e264746fd,/home/williambenitez1/Capstone_worktrees/1.2_feat__qwen3-vl-8b-instruct__two-pass-refinement/docs/prompt-lab/qwen-v015-human-report-strategy/experiments/automation/human_report_challenge_v2_prompt_iteration_workflow/cycle_001/main_promotion/v017b_prompt_only_main_promotion/v050_fp8_non_oracle_tiling_crop_recovery/tile_outputs/local_only_tiles/66_C_anchor_1.jpg
66_C_anchor_2,66,66.jpg,C,True,,,4,0,4,13.58,282e64adcab8c7fa7ec58dde8036b3cbdb6fcab066432d88e1872a84564365d1,/home/williambenitez1/Capstone_worktrees/1.2_feat__qwen3-vl-8b-instruct__two-pass-refinement/docs/prompt-lab/qwen-v015-human-report-strategy/experiments/automation/human_report_challenge_v2_prompt_iteration_workflow/cycle_001/main_promotion/v017b_prompt_only_main_promotion/v050_fp8_non_oracle_tiling_crop_recovery/tile_outputs/local_only_tiles/66_C_anchor_2.jpg
66_D_center_broad,66,66.jpg,D,True,,,4,0,4,14.813,30eac44cce1c7a85f7873f6908acb14d663978f4c71948e9cc20b77ce7bef9cf,/home/williambenitez1/Capstone_worktrees/1.2_feat__qwen3-vl-8b-instruct__two-pass-refinement/docs/prompt-lab/qwen-v015-human-report-strategy/experiments/automation/human_report_challenge_v2_prompt_iteration_workflow/cycle_001/main_promotion/v017b_prompt_only_main_promotion/v050_fp8_non_oracle_tiling_crop_recovery/tile_outputs/local_only_tiles/66_D_center_broad.jpg
67_A_grid_0_0,67,67.jpg,A,False,"json_decode_error:Expecting ',' delimiter: line 1 column 2974 (char 2973)",,0,0,0,41.527,2f6189fd2ebc822aa148a0f761b727c37672b964537606ab2d5c5a9bbc0f6435,/home/williambenitez1/Capstone_worktrees/1.2_feat__qwen3-vl-8b-instruct__two-pass-refinement/docs/prompt-lab/qwen-v015-human-report-strategy/experiments/automation/human_report_challenge_v2_prompt_iteration_workflow/cycle_001/main_promotion/v017b_prompt_only_main_promotion/v050_fp8_non_oracle_tiling_crop_recovery/tile_outputs/local_only_tiles/67_A_grid_0_0.jpg
67_A_grid_0_1,67,67.jpg,A,True,,,2,0,2,6.708,8bcc45552f09f723d5704d7a62da6ae5b40429b3891d74ec0246feac2afa59d0,/home/williambenitez1/Capstone_worktrees/1.2_feat__qwen3-vl-8b-instruct__two-pass-refinement/docs/prompt-lab/qwen-v015-human-report-strategy/experiments/automation/human_report_challenge_v2_prompt_iteration_workflow/cycle_001/main_promotion/v017b_prompt_only_main_promotion/v050_fp8_non_oracle_tiling_crop_recovery/tile_outputs/local_only_tiles/67_A_grid_0_1.jpg
67_A_grid_1_0,67,67.jpg,A,True,,,2,0,2,7.123,b4d9132cc3d3cef2d92cd0ababd83e441b89f0de06df273a00dd0749dbaf2e92,/home/williambenitez1/Capstone_worktrees/1.2_feat__qwen3-vl-8b-instruct__two-pass-refinement/docs/prompt-lab/qwen-v015-human-report-strategy/experiments/automation/human_report_challenge_v2_prompt_iteration_workflow/cycle_001/main_promotion/v017b_prompt_only_main_promotion/v050_fp8_non_oracle_tiling_crop_recovery/tile_outputs/local_only_tiles/67_A_grid_1_0.jpg
67_A_grid_1_1,67,67.jpg,A,True,,,2,1,1,6.492,cb7fd273ba6e3e1c6f79eea9bdc8e93c4690cf0187f26e5f76cd9dd9a429fd4a,/home/williambenitez1/Capstone_worktrees/1.2_feat__qwen3-vl-8b-instruct__two-pass-refinement/docs/prompt-lab/qwen-v015-human-report-strategy/experiments/automation/human_report_challenge_v2_prompt_iteration_workflow/cycle_001/main_promotion/v017b_prompt_only_main_promotion/v050_fp8_non_oracle_tiling_crop_recovery/tile_outputs/local_only_tiles/67_A_grid_1_1.jpg
67_B_middle_lower_strip,67,67.jpg,B,True,,,3,2,1,9.794,f1d2d31556be4da6cf035c178b2ac23bc3bdbf3671232e5528ee144570db1760,/home/williambenitez1/Capstone_worktrees/1.2_feat__qwen3-vl-8b-instruct__two-pass-refinement/docs/prompt-lab/qwen-v015-human-report-strategy/experiments/automation/human_report_challenge_v2_prompt_iteration_workflow/cycle_001/main_promotion/v017b_prompt_only_main_promotion/v050_fp8_non_oracle_tiling_crop_recovery/tile_outputs/local_only_tiles/67_B_middle_lower_strip.jpg
67_B_lower_strip,67,67.jpg,B,True,,,0,0,0,0.35,06ec5223328ef9baf23bee2f41139677e1e71bea438b4e78fa74170aeb1738af,/home/williambenitez1/Capstone_worktrees/1.2_feat__qwen3-vl-8b-instruct__two-pass-refinement/docs/prompt-lab/qwen-v015-human-report-strategy/experiments/automation/human_report_challenge_v2_prompt_iteration_workflow/cycle_001/main_promotion/v017b_prompt_only_main_promotion/v050_fp8_non_oracle_tiling_crop_recovery/tile_outputs/local_only_tiles/67_B_lower_strip.jpg
67_C_anchor_0,67,67.jpg,C,True,,,1,0,1,3.092,a35680f73fef41e9bf557325e70ca4cab02d144461a5bc3cba6195d9ca0d7f09,/home/williambenitez1/Capstone_worktrees/1.2_feat__qwen3-vl-8b-instruct__two-pass-refinement/docs/prompt-lab/qwen-v015-human-report-strategy/experiments/automation/human_report_challenge_v2_prompt_iteration_workflow/cycle_001/main_promotion/v017b_prompt_only_main_promotion/v050_fp8_non_oracle_tiling_crop_recovery/tile_outputs/local_only_tiles/67_C_anchor_0.jpg
67_C_anchor_1,67,67.jpg,C,True,,,2,0,2,6.529,65af520d0199684331f24ce76fbe73cd85de33bb54704ea3b471a1d8a9600bf9,/home/williambenitez1/Capstone_worktrees/1.2_feat__qwen3-vl-8b-instruct__two-pass-refinement/docs/prompt-lab/qwen-v015-human-report-strategy/experiments/automation/human_report_challenge_v2_prompt_iteration_workflow/cycle_001/main_promotion/v017b_prompt_only_main_promotion/v050_fp8_non_oracle_tiling_crop_recovery/tile_outputs/local_only_tiles/67_C_anchor_1.jpg
67_C_anchor_2,67,67.jpg,C,True,,,7,0,7,23.023,d5bca36842d21808f2ceb1eab4494df37d6b63cf581f28e46a14b8a88cf6de6a,/home/williambenitez1/Capstone_worktrees/1.2_feat__qwen3-vl-8b-instruct__two-pass-refinement/docs/prompt-lab/qwen-v015-human-report-strategy/experiments/automation/human_report_challenge_v2_prompt_iteration_workflow/cycle_001/main_promotion/v017b_prompt_only_main_promotion/v050_fp8_non_oracle_tiling_crop_recovery/tile_outputs/local_only_tiles/67_C_anchor_2.jpg
67_D_center_broad,67,67.jpg,D,True,,,3,0,3,9.164,d898db2b00ec5cbaa143b75af57727cd0775f163b73df8a3ecf3ba1605394333,/home/williambenitez1/Capstone_worktrees/1.2_feat__qwen3-vl-8b-instruct__two-pass-refinement/docs/prompt-lab/qwen-v015-human-report-strategy/experiments/automation/human_report_challenge_v2_prompt_iteration_workflow/cycle_001/main_promotion/v017b_prompt_only_main_promotion/v050_fp8_non_oracle_tiling_crop_recovery/tile_outputs/local_only_tiles/67_D_center_broad.jpg
76_A_grid_0_0,76,76.jpg,A,True,,,2,0,2,5.876,415b5afc3b6df94ea6565ff179d91232b8c920c578506916694ee3e480f37983,/home/williambenitez1/Capstone_worktrees/1.2_feat__qwen3-vl-8b-instruct__two-pass-refinement/docs/prompt-lab/qwen-v015-human-report-strategy/experiments/automation/human_report_challenge_v2_prompt_iteration_workflow/cycle_001/main_promotion/v017b_prompt_only_main_promotion/v050_fp8_non_oracle_tiling_crop_recovery/tile_outputs/local_only_tiles/76_A_grid_0_0.jpg
76_A_grid_0_1,76,76.jpg,A,True,,,1,0,1,3.49,6d7cb27214abf107d8e0cce3159dde099a68a3c84939ae72708a25d941c60f43,/home/williambenitez1/Capstone_worktrees/1.2_feat__qwen3-vl-8b-instruct__two-pass-refinement/docs/prompt-lab/qwen-v015-human-report-strategy/experiments/automation/human_report_challenge_v2_prompt_iteration_workflow/cycle_001/main_promotion/v017b_prompt_only_main_promotion/v050_fp8_non_oracle_tiling_crop_recovery/tile_outputs/local_only_tiles/76_A_grid_0_1.jpg
76_A_grid_1_0,76,76.jpg,A,True,,,2,0,2,6.241,9782bc14740e036194090e14d55dfcbb2e8cfccf81f6b228688ca241ce4cebfb,/home/williambenitez1/Capstone_worktrees/1.2_feat__qwen3-vl-8b-instruct__two-pass-refinement/docs/prompt-lab/qwen-v015-human-report-strategy/experiments/automation/human_report_challenge_v2_prompt_iteration_workflow/cycle_001/main_promotion/v017b_prompt_only_main_promotion/v050_fp8_non_oracle_tiling_crop_recovery/tile_outputs/local_only_tiles/76_A_grid_1_0.jpg
76_A_grid_1_1,76,76.jpg,A,True,,,1,0,1,4.719,204ae15ab48ab4279702a38e8ce90b1ad2e7b54948d9e8ec14607084a0647e44,/home/williambenitez1/Capstone_worktrees/1.2_feat__qwen3-vl-8b-instruct__two-pass-refinement/docs/prompt-lab/qwen-v015-human-report-strategy/experiments/automation/human_report_challenge_v2_prompt_iteration_workflow/cycle_001/main_promotion/v017b_prompt_only_main_promotion/v050_fp8_non_oracle_tiling_crop_recovery/tile_outputs/local_only_tiles/76_A_grid_1_1.jpg
76_B_middle_lower_strip,76,76.jpg,B,True,,,2,0,2,6.484,b67bd5395ca7f9c578cfe6a87a5e96c5a0811c37f8203b8026e8e2764dd5a765,/home/williambenitez1/Capstone_worktrees/1.2_feat__qwen3-vl-8b-instruct__two-pass-refinement/docs/prompt-lab/qwen-v015-human-report-strategy/experiments/automation/human_report_challenge_v2_prompt_iteration_workflow/cycle_001/main_promotion/v017b_prompt_only_main_promotion/v050_fp8_non_oracle_tiling_crop_recovery/tile_outputs/local_only_tiles/76_B_middle_lower_strip.jpg
76_B_lower_strip,76,76.jpg,B,True,,,1,1,0,3.287,7fec7039159bd3bb5be4681ee1313f18e9adea24107c6fc5f1ada3629d50b3e4,/home/williambenitez1/Capstone_worktrees/1.2_feat__qwen3-vl-8b-instruct__two-pass-refinement/docs/prompt-lab/qwen-v015-human-report-strategy/experiments/automation/human_report_challenge_v2_prompt_iteration_workflow/cycle_001/main_promotion/v017b_prompt_only_main_promotion/v050_fp8_non_oracle_tiling_crop_recovery/tile_outputs/local_only_tiles/76_B_lower_strip.jpg
76_C_anchor_0,76,76.jpg,C,True,,,2,2,0,8.478,1b50c69d33cc6df2ecde00842e2e43c393c3b79df0a059dff5691ff5f88cfcd3,/home/williambenitez1/Capstone_worktrees/1.2_feat__qwen3-vl-8b-instruct__two-pass-refinement/docs/prompt-lab/qwen-v015-human-report-strategy/experiments/automation/human_report_challenge_v2_prompt_iteration_workflow/cycle_001/main_promotion/v017b_prompt_only_main_promotion/v050_fp8_non_oracle_tiling_crop_recovery/tile_outputs/local_only_tiles/76_C_anchor_0.jpg
76_C_anchor_1,76,76.jpg,C,True,,,2,0,2,6.288,84974ff871c2e5dc970ed7bf74783d0a33d600ef4cf16fd6d4572b96c168259a,/home/williambenitez1/Capstone_worktrees/1.2_feat__qwen3-vl-8b-instruct__two-pass-refinement/docs/prompt-lab/qwen-v015-human-report-strategy/experiments/automation/human_report_challenge_v2_prompt_iteration_workflow/cycle_001/main_promotion/v017b_prompt_only_main_promotion/v050_fp8_non_oracle_tiling_crop_recovery/tile_outputs/local_only_tiles/76_C_anchor_1.jpg
76_D_center_broad,76,76.jpg,D,True,,,2,2,0,7.636,42060ed3c6f5df7c6c3e4c5e781f46bc81b5018031406471cc4c51b1c2b4821f,/home/williambenitez1/Capstone_worktrees/1.2_feat__qwen3-vl-8b-instruct__two-pass-refinement/docs/prompt-lab/qwen-v015-human-report-strategy/experiments/automation/human_report_challenge_v2_prompt_iteration_workflow/cycle_001/main_promotion/v017b_prompt_only_main_promotion/v050_fp8_non_oracle_tiling_crop_recovery/tile_outputs/local_only_tiles/76_D_center_broad.jpg
84_A_grid_0_0,84,84.jpg,A,True,,,5,0,5,14.273,e26b519bb03f96ff80ead0fabbe838f415e4650247866b0958decb06d50f5a20,/home/williambenitez1/Capstone_worktrees/1.2_feat__qwen3-vl-8b-instruct__two-pass-refinement/docs/prompt-lab/qwen-v015-human-report-strategy/experiments/automation/human_report_challenge_v2_prompt_iteration_workflow/cycle_001/main_promotion/v017b_prompt_only_main_promotion/v050_fp8_non_oracle_tiling_crop_recovery/tile_outputs/local_only_tiles/84_A_grid_0_0.jpg
84_A_grid_0_1,84,84.jpg,A,True,,,0,0,0,0.354,06ec5223328ef9baf23bee2f41139677e1e71bea438b4e78fa74170aeb1738af,/home/williambenitez1/Capstone_worktrees/1.2_feat__qwen3-vl-8b-instruct__two-pass-refinement/docs/prompt-lab/qwen-v015-human-report-strategy/experiments/automation/human_report_challenge_v2_prompt_iteration_workflow/cycle_001/main_promotion/v017b_prompt_only_main_promotion/v050_fp8_non_oracle_tiling_crop_recovery/tile_outputs/local_only_tiles/84_A_grid_0_1.jpg
84_A_grid_1_0,84,84.jpg,A,True,,,1,0,1,2.897,03a7d3cf13caf95f2d095732839ca2bfed1ba705e64977488b357d96437905a7,/home/williambenitez1/Capstone_worktrees/1.2_feat__qwen3-vl-8b-instruct__two-pass-refinement/docs/prompt-lab/qwen-v015-human-report-strategy/experiments/automation/human_report_challenge_v2_prompt_iteration_workflow/cycle_001/main_promotion/v017b_prompt_only_main_promotion/v050_fp8_non_oracle_tiling_crop_recovery/tile_outputs/local_only_tiles/84_A_grid_1_0.jpg
84_A_grid_1_1,84,84.jpg,A,True,,,1,0,1,2.858,43b57c8a24951b23321aa9b77ae29d5f9606596486cc70239f183d0818cb8b1b,/home/williambenitez1/Capstone_worktrees/1.2_feat__qwen3-vl-8b-instruct__two-pass-refinement/docs/prompt-lab/qwen-v015-human-report-strategy/experiments/automation/human_report_challenge_v2_prompt_iteration_workflow/cycle_001/main_promotion/v017b_prompt_only_main_promotion/v050_fp8_non_oracle_tiling_crop_recovery/tile_outputs/local_only_tiles/84_A_grid_1_1.jpg
84_B_middle_lower_strip,84,84.jpg,B,True,,,0,0,0,0.338,06ec5223328ef9baf23bee2f41139677e1e71bea438b4e78fa74170aeb1738af,/home/williambenitez1/Capstone_worktrees/1.2_feat__qwen3-vl-8b-instruct__two-pass-refinement/docs/prompt-lab/qwen-v015-human-report-strategy/experiments/automation/human_report_challenge_v2_prompt_iteration_workflow/cycle_001/main_promotion/v017b_prompt_only_main_promotion/v050_fp8_non_oracle_tiling_crop_recovery/tile_outputs/local_only_tiles/84_B_middle_lower_strip.jpg
84_B_lower_strip,84,84.jpg,B,True,,,1,0,1,2.893,dc4b43994ab1ff9f2b4fb12424f8c2a93c7336143c32ec3762a5d3f767c92f8d,/home/williambenitez1/Capstone_worktrees/1.2_feat__qwen3-vl-8b-instruct__two-pass-refinement/docs/prompt-lab/qwen-v015-human-report-strategy/experiments/automation/human_report_challenge_v2_prompt_iteration_workflow/cycle_001/main_promotion/v017b_prompt_only_main_promotion/v050_fp8_non_oracle_tiling_crop_recovery/tile_outputs/local_only_tiles/84_B_lower_strip.jpg
84_C_anchor_0,84,84.jpg,C,True,,,0,0,0,0.364,06ec5223328ef9baf23bee2f41139677e1e71bea438b4e78fa74170aeb1738af,/home/williambenitez1/Capstone_worktrees/1.2_feat__qwen3-vl-8b-instruct__two-pass-refinement/docs/prompt-lab/qwen-v015-human-report-strategy/experiments/automation/human_report_challenge_v2_prompt_iteration_workflow/cycle_001/main_promotion/v017b_prompt_only_main_promotion/v050_fp8_non_oracle_tiling_crop_recovery/tile_outputs/local_only_tiles/84_C_anchor_0.jpg
84_C_anchor_1,84,84.jpg,C,True,,,0,0,0,0.358,06ec5223328ef9baf23bee2f41139677e1e71bea438b4e78fa74170aeb1738af,/home/williambenitez1/Capstone_worktrees/1.2_feat__qwen3-vl-8b-instruct__two-pass-refinement/docs/prompt-lab/qwen-v015-human-report-strategy/experiments/automation/human_report_challenge_v2_prompt_iteration_workflow/cycle_001/main_promotion/v017b_prompt_only_main_promotion/v050_fp8_non_oracle_tiling_crop_recovery/tile_outputs/local_only_tiles/84_C_anchor_1.jpg
84_C_anchor_2,84,84.jpg,C,True,,,0,0,0,0.342,06ec5223328ef9baf23bee2f41139677e1e71bea438b4e78fa74170aeb1738af,/home/williambenitez1/Capstone_worktrees/1.2_feat__qwen3-vl-8b-instruct__two-pass-refinement/docs/prompt-lab/qwen-v015-human-report-strategy/experiments/automation/human_report_challenge_v2_prompt_iteration_workflow/cycle_001/main_promotion/v017b_prompt_only_main_promotion/v050_fp8_non_oracle_tiling_crop_recovery/tile_outputs/local_only_tiles/84_C_anchor_2.jpg
84_D_center_broad,84,84.jpg,D,True,,,0,0,0,0.343,06ec5223328ef9baf23bee2f41139677e1e71bea438b4e78fa74170aeb1738af,/home/williambenitez1/Capstone_worktrees/1.2_feat__qwen3-vl-8b-instruct__two-pass-refinement/docs/prompt-lab/qwen-v015-human-report-strategy/experiments/automation/human_report_challenge_v2_prompt_iteration_workflow/cycle_001/main_promotion/v017b_prompt_only_main_promotion/v050_fp8_non_oracle_tiling_crop_recovery/tile_outputs/local_only_tiles/84_D_center_broad.jpg
100_A_grid_0_0,100,100.jpg,A,True,,,1,0,1,4.44,4a0b304ca072b7eeb866c70e6bcafd6408d64ba015afd233fb90f5b53b27ae2c,/home/williambenitez1/Capstone_worktrees/1.2_feat__qwen3-vl-8b-instruct__two-pass-refinement/docs/prompt-lab/qwen-v015-human-report-strategy/experiments/automation/human_report_challenge_v2_prompt_iteration_workflow/cycle_001/main_promotion/v017b_prompt_only_main_promotion/v050_fp8_non_oracle_tiling_crop_recovery/tile_outputs/local_only_tiles/100_A_grid_0_0.jpg
100_A_grid_0_1,100,100.jpg,A,True,,,2,0,2,8.997,c1889f828e50a55170181571600524882905487ec0243c3cd67c514f900a6120,/home/williambenitez1/Capstone_worktrees/1.2_feat__qwen3-vl-8b-instruct__two-pass-refinement/docs/prompt-lab/qwen-v015-human-report-strategy/experiments/automation/human_report_challenge_v2_prompt_iteration_workflow/cycle_001/main_promotion/v017b_prompt_only_main_promotion/v050_fp8_non_oracle_tiling_crop_recovery/tile_outputs/local_only_tiles/100_A_grid_0_1.jpg
100_A_grid_1_0,100,100.jpg,A,True,,,1,0,1,4.623,5a4ef10072293c99d0df858c0c0c83ca15a220b6c98bbd87ae1cb20c20ba47eb,/home/williambenitez1/Capstone_worktrees/1.2_feat__qwen3-vl-8b-instruct__two-pass-refinement/docs/prompt-lab/qwen-v015-human-report-strategy/experiments/automation/human_report_challenge_v2_prompt_iteration_workflow/cycle_001/main_promotion/v017b_prompt_only_main_promotion/v050_fp8_non_oracle_tiling_crop_recovery/tile_outputs/local_only_tiles/100_A_grid_1_0.jpg
100_A_grid_1_1,100,100.jpg,A,True,,,2,0,2,9.025,b4e29c8409f0dfe334e3d8a97ab3fff5843679b4cce18c28388aa0c34b380157,/home/williambenitez1/Capstone_worktrees/1.2_feat__qwen3-vl-8b-instruct__two-pass-refinement/docs/prompt-lab/qwen-v015-human-report-strategy/experiments/automation/human_report_challenge_v2_prompt_iteration_workflow/cycle_001/main_promotion/v017b_prompt_only_main_promotion/v050_fp8_non_oracle_tiling_crop_recovery/tile_outputs/local_only_tiles/100_A_grid_1_1.jpg
100_B_middle_lower_strip,100,100.jpg,B,True,,,3,0,3,14.52,0b03fba22afc5cc9b164afb5785f4a85ae7e32fe6ae69890097497ed44d82557,/home/williambenitez1/Capstone_worktrees/1.2_feat__qwen3-vl-8b-instruct__two-pass-refinement/docs/prompt-lab/qwen-v015-human-report-strategy/experiments/automation/human_report_challenge_v2_prompt_iteration_workflow/cycle_001/main_promotion/v017b_prompt_only_main_promotion/v050_fp8_non_oracle_tiling_crop_recovery/tile_outputs/local_only_tiles/100_B_middle_lower_strip.jpg
100_B_lower_strip,100,100.jpg,B,True,,,6,0,6,23.914,41342d8708a4286f0d1e200c0029c2eaa20561e7bf6d476b9f90602b47b7032b,/home/williambenitez1/Capstone_worktrees/1.2_feat__qwen3-vl-8b-instruct__two-pass-refinement/docs/prompt-lab/qwen-v015-human-report-strategy/experiments/automation/human_report_challenge_v2_prompt_iteration_workflow/cycle_001/main_promotion/v017b_prompt_only_main_promotion/v050_fp8_non_oracle_tiling_crop_recovery/tile_outputs/local_only_tiles/100_B_lower_strip.jpg
100_C_anchor_0,100,100.jpg,C,True,,,2,0,2,10.328,c8da2d2e5d04af8598276b4d54d09a239846d61283a5c158a5f689e4e653e2d0,/home/williambenitez1/Capstone_worktrees/1.2_feat__qwen3-vl-8b-instruct__two-pass-refinement/docs/prompt-lab/qwen-v015-human-report-strategy/experiments/automation/human_report_challenge_v2_prompt_iteration_workflow/cycle_001/main_promotion/v017b_prompt_only_main_promotion/v050_fp8_non_oracle_tiling_crop_recovery/tile_outputs/local_only_tiles/100_C_anchor_0.jpg
100_C_anchor_1,100,100.jpg,C,True,,,3,0,3,11.44,47f832229a1f3dc64c32299fce50db8fbd7f0765ed049057b3ddeddb3f539b88,/home/williambenitez1/Capstone_worktrees/1.2_feat__qwen3-vl-8b-instruct__two-pass-refinement/docs/prompt-lab/qwen-v015-human-report-strategy/experiments/automation/human_report_challenge_v2_prompt_iteration_workflow/cycle_001/main_promotion/v017b_prompt_only_main_promotion/v050_fp8_non_oracle_tiling_crop_recovery/tile_outputs/local_only_tiles/100_C_anchor_1.jpg
100_D_center_broad,100,100.jpg,D,True,,,2,0,2,6.406,0b4d070c3c076e2093c29059f9d94b50108dc79d5134a766481233aefc06ba84,/home/williambenitez1/Capstone_worktrees/1.2_feat__qwen3-vl-8b-instruct__two-pass-refinement/docs/prompt-lab/qwen-v015-human-report-strategy/experiments/automation/human_report_challenge_v2_prompt_iteration_workflow/cycle_001/main_promotion/v017b_prompt_only_main_promotion/v050_fp8_non_oracle_tiling_crop_recovery/tile_outputs/local_only_tiles/100_D_center_broad.jpg
102_A_grid_0_0,102,102.jpg,A,True,,,1,0,1,3.011,16b406efae9037f458f4f28fdaebc622d7a824c20ea2ad0eef788aa901702353,/home/williambenitez1/Capstone_worktrees/1.2_feat__qwen3-vl-8b-instruct__two-pass-refinement/docs/prompt-lab/qwen-v015-human-report-strategy/experiments/automation/human_report_challenge_v2_prompt_iteration_workflow/cycle_001/main_promotion/v017b_prompt_only_main_promotion/v050_fp8_non_oracle_tiling_crop_recovery/tile_outputs/local_only_tiles/102_A_grid_0_0.jpg
102_A_grid_0_1,102,102.jpg,A,True,,,0,0,0,0.361,06ec5223328ef9baf23bee2f41139677e1e71bea438b4e78fa74170aeb1738af,/home/williambenitez1/Capstone_worktrees/1.2_feat__qwen3-vl-8b-instruct__two-pass-refinement/docs/prompt-lab/qwen-v015-human-report-strategy/experiments/automation/human_report_challenge_v2_prompt_iteration_workflow/cycle_001/main_promotion/v017b_prompt_only_main_promotion/v050_fp8_non_oracle_tiling_crop_recovery/tile_outputs/local_only_tiles/102_A_grid_0_1.jpg
102_A_grid_1_0,102,102.jpg,A,True,,,2,0,2,5.513,a65dfaf60fb7f70221105a52d0a8de8cc4a1b6a067045de5aa6bb6538da96ce5,/home/williambenitez1/Capstone_worktrees/1.2_feat__qwen3-vl-8b-instruct__two-pass-refinement/docs/prompt-lab/qwen-v015-human-report-strategy/experiments/automation/human_report_challenge_v2_prompt_iteration_workflow/cycle_001/main_promotion/v017b_prompt_only_main_promotion/v050_fp8_non_oracle_tiling_crop_recovery/tile_outputs/local_only_tiles/102_A_grid_1_0.jpg
102_A_grid_1_1,102,102.jpg,A,True,,,0,0,0,0.355,06ec5223328ef9baf23bee2f41139677e1e71bea438b4e78fa74170aeb1738af,/home/williambenitez1/Capstone_worktrees/1.2_feat__qwen3-vl-8b-instruct__two-pass-refinement/docs/prompt-lab/qwen-v015-human-report-strategy/experiments/automation/human_report_challenge_v2_prompt_iteration_workflow/cycle_001/main_promotion/v017b_prompt_only_main_promotion/v050_fp8_non_oracle_tiling_crop_recovery/tile_outputs/local_only_tiles/102_A_grid_1_1.jpg
102_B_middle_lower_strip,102,102.jpg,B,True,,,0,0,0,0.397,06ec5223328ef9baf23bee2f41139677e1e71bea438b4e78fa74170aeb1738af,/home/williambenitez1/Capstone_worktrees/1.2_feat__qwen3-vl-8b-instruct__two-pass-refinement/docs/prompt-lab/qwen-v015-human-report-strategy/experiments/automation/human_report_challenge_v2_prompt_iteration_workflow/cycle_001/main_promotion/v017b_prompt_only_main_promotion/v050_fp8_non_oracle_tiling_crop_recovery/tile_outputs/local_only_tiles/102_B_middle_lower_strip.jpg
102_B_lower_strip,102,102.jpg,B,True,,,0,0,0,0.382,06ec5223328ef9baf23bee2f41139677e1e71bea438b4e78fa74170aeb1738af,/home/williambenitez1/Capstone_worktrees/1.2_feat__qwen3-vl-8b-instruct__two-pass-refinement/docs/prompt-lab/qwen-v015-human-report-strategy/experiments/automation/human_report_challenge_v2_prompt_iteration_workflow/cycle_001/main_promotion/v017b_prompt_only_main_promotion/v050_fp8_non_oracle_tiling_crop_recovery/tile_outputs/local_only_tiles/102_B_lower_strip.jpg
102_C_anchor_0,102,102.jpg,C,True,,,0,0,0,0.44,06ec5223328ef9baf23bee2f41139677e1e71bea438b4e78fa74170aeb1738af,/home/williambenitez1/Capstone_worktrees/1.2_feat__qwen3-vl-8b-instruct__two-pass-refinement/docs/prompt-lab/qwen-v015-human-report-strategy/experiments/automation/human_report_challenge_v2_prompt_iteration_workflow/cycle_001/main_promotion/v017b_prompt_only_main_promotion/v050_fp8_non_oracle_tiling_crop_recovery/tile_outputs/local_only_tiles/102_C_anchor_0.jpg
102_D_center_broad,102,102.jpg,D,True,,,0,0,0,0.466,06ec5223328ef9baf23bee2f41139677e1e71bea438b4e78fa74170aeb1738af,/home/williambenitez1/Capstone_worktrees/1.2_feat__qwen3-vl-8b-instruct__two-pass-refinement/docs/prompt-lab/qwen-v015-human-report-strategy/experiments/automation/human_report_challenge_v2_prompt_iteration_workflow/cycle_001/main_promotion/v017b_prompt_only_main_promotion/v050_fp8_non_oracle_tiling_crop_recovery/tile_outputs/local_only_tiles/102_D_center_broad.jpg
108_A_grid_0_0,108,108.jpg,A,True,,,1,0,1,3.952,fa4837696478afe274b7c4dc1c0e218a2ee75cc30e994166864c17c397cad7e2,/home/williambenitez1/Capstone_worktrees/1.2_feat__qwen3-vl-8b-instruct__two-pass-refinement/docs/prompt-lab/qwen-v015-human-report-strategy/experiments/automation/human_report_challenge_v2_prompt_iteration_workflow/cycle_001/main_promotion/v017b_prompt_only_main_promotion/v050_fp8_non_oracle_tiling_crop_recovery/tile_outputs/local_only_tiles/108_A_grid_0_0.jpg
108_A_grid_0_1,108,108.jpg,A,True,,,1,1,0,2.902,f11f881a533d9c53181a0549bfa15f55e3ee14ce735c3b78a88f526dbf8919ee,/home/williambenitez1/Capstone_worktrees/1.2_feat__qwen3-vl-8b-instruct__two-pass-refinement/docs/prompt-lab/qwen-v015-human-report-strategy/experiments/automation/human_report_challenge_v2_prompt_iteration_workflow/cycle_001/main_promotion/v017b_prompt_only_main_promotion/v050_fp8_non_oracle_tiling_crop_recovery/tile_outputs/local_only_tiles/108_A_grid_0_1.jpg
108_A_grid_1_0,108,108.jpg,A,True,,,1,0,1,3.188,97333aa4d2d68deb4b5e7450e163475b49ddf741d66d4135debbf208c9070715,/home/williambenitez1/Capstone_worktrees/1.2_feat__qwen3-vl-8b-instruct__two-pass-refinement/docs/prompt-lab/qwen-v015-human-report-strategy/experiments/automation/human_report_challenge_v2_prompt_iteration_workflow/cycle_001/main_promotion/v017b_prompt_only_main_promotion/v050_fp8_non_oracle_tiling_crop_recovery/tile_outputs/local_only_tiles/108_A_grid_1_0.jpg
108_A_grid_1_1,108,108.jpg,A,True,,,1,1,0,2.874,e106b45822d58482401fae347739910fdd2a1bd85062138a2673702674c7aaf1,/home/williambenitez1/Capstone_worktrees/1.2_feat__qwen3-vl-8b-instruct__two-pass-refinement/docs/prompt-lab/qwen-v015-human-report-strategy/experiments/automation/human_report_challenge_v2_prompt_iteration_workflow/cycle_001/main_promotion/v017b_prompt_only_main_promotion/v050_fp8_non_oracle_tiling_crop_recovery/tile_outputs/local_only_tiles/108_A_grid_1_1.jpg
108_B_middle_lower_strip,108,108.jpg,B,True,,,1,0,1,2.933,e973c79cda80bd0c869dbe4da05b38a3142da47d0b5bebff9d9b1b4a10926e1c,/home/williambenitez1/Capstone_worktrees/1.2_feat__qwen3-vl-8b-instruct__two-pass-refinement/docs/prompt-lab/qwen-v015-human-report-strategy/experiments/automation/human_report_challenge_v2_prompt_iteration_workflow/cycle_001/main_promotion/v017b_prompt_only_main_promotion/v050_fp8_non_oracle_tiling_crop_recovery/tile_outputs/local_only_tiles/108_B_middle_lower_strip.jpg
108_B_lower_strip,108,108.jpg,B,True,,,0,0,0,0.381,06ec5223328ef9baf23bee2f41139677e1e71bea438b4e78fa74170aeb1738af,/home/williambenitez1/Capstone_worktrees/1.2_feat__qwen3-vl-8b-instruct__two-pass-refinement/docs/prompt-lab/qwen-v015-human-report-strategy/experiments/automation/human_report_challenge_v2_prompt_iteration_workflow/cycle_001/main_promotion/v017b_prompt_only_main_promotion/v050_fp8_non_oracle_tiling_crop_recovery/tile_outputs/local_only_tiles/108_B_lower_strip.jpg
108_C_anchor_0,108,108.jpg,C,True,,,1,0,1,3.048,63cceefab6cea33b658e05d35b39f5579e510f8bfd699ca008f808f1f96a4f43,/home/williambenitez1/Capstone_worktrees/1.2_feat__qwen3-vl-8b-instruct__two-pass-refinement/docs/prompt-lab/qwen-v015-human-report-strategy/experiments/automation/human_report_challenge_v2_prompt_iteration_workflow/cycle_001/main_promotion/v017b_prompt_only_main_promotion/v050_fp8_non_oracle_tiling_crop_recovery/tile_outputs/local_only_tiles/108_C_anchor_0.jpg
108_D_center_broad,108,108.jpg,D,True,,,2,0,2,5.716,ab5e4dc86c5ef35077706e8cbb565bcc2c9aef51746f992f9722b09f135511ba,/home/williambenitez1/Capstone_worktrees/1.2_feat__qwen3-vl-8b-instruct__two-pass-refinement/docs/prompt-lab/qwen-v015-human-report-strategy/experiments/automation/human_report_challenge_v2_prompt_iteration_workflow/cycle_001/main_promotion/v017b_prompt_only_main_promotion/v050_fp8_non_oracle_tiling_crop_recovery/tile_outputs/local_only_tiles/108_D_center_broad.jpg
110_A_grid_0_0,110,110.jpg,A,True,,,2,0,2,8.764,88d099dd95e71ebe1c04dcb8014c13c326dec3f9aa185348c91566c6b026b078,/home/williambenitez1/Capstone_worktrees/1.2_feat__qwen3-vl-8b-instruct__two-pass-refinement/docs/prompt-lab/qwen-v015-human-report-strategy/experiments/automation/human_report_challenge_v2_prompt_iteration_workflow/cycle_001/main_promotion/v017b_prompt_only_main_promotion/v050_fp8_non_oracle_tiling_crop_recovery/tile_outputs/local_only_tiles/110_A_grid_0_0.jpg
110_A_grid_0_1,110,110.jpg,A,True,,,1,0,1,4.646,c185cf9c43737339021ffdf6c877553b25d4675311afc759df5ec0c24c0211da,/home/williambenitez1/Capstone_worktrees/1.2_feat__qwen3-vl-8b-instruct__two-pass-refinement/docs/prompt-lab/qwen-v015-human-report-strategy/experiments/automation/human_report_challenge_v2_prompt_iteration_workflow/cycle_001/main_promotion/v017b_prompt_only_main_promotion/v050_fp8_non_oracle_tiling_crop_recovery/tile_outputs/local_only_tiles/110_A_grid_0_1.jpg
110_A_grid_1_0,110,110.jpg,A,True,,,3,0,3,14.632,4b7671cc1c165ffface0e1055cd04bc32e74437ac4f7f67ac27fe2da7bdbc04d,/home/williambenitez1/Capstone_worktrees/1.2_feat__qwen3-vl-8b-instruct__two-pass-refinement/docs/prompt-lab/qwen-v015-human-report-strategy/experiments/automation/human_report_challenge_v2_prompt_iteration_workflow/cycle_001/main_promotion/v017b_prompt_only_main_promotion/v050_fp8_non_oracle_tiling_crop_recovery/tile_outputs/local_only_tiles/110_A_grid_1_0.jpg
110_A_grid_1_1,110,110.jpg,A,True,,,1,0,1,3.783,73be2eacb592c0f0fa765a05a34f3110eb9869d0725eba1645a4cc8f0b55d8bf,/home/williambenitez1/Capstone_worktrees/1.2_feat__qwen3-vl-8b-instruct__two-pass-refinement/docs/prompt-lab/qwen-v015-human-report-strategy/experiments/automation/human_report_challenge_v2_prompt_iteration_workflow/cycle_001/main_promotion/v017b_prompt_only_main_promotion/v050_fp8_non_oracle_tiling_crop_recovery/tile_outputs/local_only_tiles/110_A_grid_1_1.jpg
110_B_middle_lower_strip,110,110.jpg,B,True,,,1,0,1,3.924,11c6998830b521ffdbf6518bbb3be101b01fa189f66328a6213405bf40222991,/home/williambenitez1/Capstone_worktrees/1.2_feat__qwen3-vl-8b-instruct__two-pass-refinement/docs/prompt-lab/qwen-v015-human-report-strategy/experiments/automation/human_report_challenge_v2_prompt_iteration_workflow/cycle_001/main_promotion/v017b_prompt_only_main_promotion/v050_fp8_non_oracle_tiling_crop_recovery/tile_outputs/local_only_tiles/110_B_middle_lower_strip.jpg
110_B_lower_strip,110,110.jpg,B,True,,,1,0,1,3.567,c8cb2a2a0486b000e9a704ed76048e2b3ccde6f4b1bfd6b37b494f6931a2ab38,/home/williambenitez1/Capstone_worktrees/1.2_feat__qwen3-vl-8b-instruct__two-pass-refinement/docs/prompt-lab/qwen-v015-human-report-strategy/experiments/automation/human_report_challenge_v2_prompt_iteration_workflow/cycle_001/main_promotion/v017b_prompt_only_main_promotion/v050_fp8_non_oracle_tiling_crop_recovery/tile_outputs/local_only_tiles/110_B_lower_strip.jpg
110_C_anchor_0,110,110.jpg,C,True,,,3,0,3,9.616,790d41a35c6d5ae2479fbd316d50fbb3f3575ded807dc55eaa2a4a76f9e58d96,/home/williambenitez1/Capstone_worktrees/1.2_feat__qwen3-vl-8b-instruct__two-pass-refinement/docs/prompt-lab/qwen-v015-human-report-strategy/experiments/automation/human_report_challenge_v2_prompt_iteration_workflow/cycle_001/main_promotion/v017b_prompt_only_main_promotion/v050_fp8_non_oracle_tiling_crop_recovery/tile_outputs/local_only_tiles/110_C_anchor_0.jpg
110_C_anchor_1,110,110.jpg,C,True,,,3,0,3,8.148,0b92d52995ce4753b94ada0475b0c37577fddf41b2492527d1c5457769a78241,/home/williambenitez1/Capstone_worktrees/1.2_feat__qwen3-vl-8b-instruct__two-pass-refinement/docs/prompt-lab/qwen-v015-human-report-strategy/experiments/automation/human_report_challenge_v2_prompt_iteration_workflow/cycle_001/main_promotion/v017b_prompt_only_main_promotion/v050_fp8_non_oracle_tiling_crop_recovery/tile_outputs/local_only_tiles/110_C_anchor_1.jpg
110_C_anchor_2,110,110.jpg,C,True,,,1,0,1,3.199,3a0a939a17fbc87574e8e9304bca2a2f9d62b00483d5bd535955a0bfca613e77,/home/williambenitez1/Capstone_worktrees/1.2_feat__qwen3-vl-8b-instruct__two-pass-refinement/docs/prompt-lab/qwen-v015-human-report-strategy/experiments/automation/human_report_challenge_v2_prompt_iteration_workflow/cycle_001/main_promotion/v017b_prompt_only_main_promotion/v050_fp8_non_oracle_tiling_crop_recovery/tile_outputs/local_only_tiles/110_C_anchor_2.jpg
110_D_center_broad,110,110.jpg,D,True,,,3,0,3,8.683,65a36bc05b5de961aca27007a1a7ea95c1b596d01866263491d22cfac50a4e24,/home/williambenitez1/Capstone_worktrees/1.2_feat__qwen3-vl-8b-instruct__two-pass-refinement/docs/prompt-lab/qwen-v015-human-report-strategy/experiments/automation/human_report_challenge_v2_prompt_iteration_workflow/cycle_001/main_promotion/v017b_prompt_only_main_promotion/v050_fp8_non_oracle_tiling_crop_recovery/tile_outputs/local_only_tiles/110_D_center_broad.jpg
155_A_grid_0_0,155,155.jpg,A,True,,,2,0,2,9.797,38c4eff69926f6f378318c971f8f018f9a3954a6ae2642956292bc0f7a61bd10,/home/williambenitez1/Capstone_worktrees/1.2_feat__qwen3-vl-8b-instruct__two-pass-refinement/docs/prompt-lab/qwen-v015-human-report-strategy/experiments/automation/human_report_challenge_v2_prompt_iteration_workflow/cycle_001/main_promotion/v017b_prompt_only_main_promotion/v050_fp8_non_oracle_tiling_crop_recovery/tile_outputs/local_only_tiles/155_A_grid_0_0.jpg
155_A_grid_0_1,155,155.jpg,A,True,,,1,0,1,3.278,38a7b9291e45360563faa80965307bd9aa0d93e96b234a4676e6da0362842065,/home/williambenitez1/Capstone_worktrees/1.2_feat__qwen3-vl-8b-instruct__two-pass-refinement/docs/prompt-lab/qwen-v015-human-report-strategy/experiments/automation/human_report_challenge_v2_prompt_iteration_workflow/cycle_001/main_promotion/v017b_prompt_only_main_promotion/v050_fp8_non_oracle_tiling_crop_recovery/tile_outputs/local_only_tiles/155_A_grid_0_1.jpg
155_A_grid_1_0,155,155.jpg,A,True,,,1,0,1,3.392,38bdf01b3655f5ddf1be774e185f928c847dcc85dc541f38a35c5edd16ae40a4,/home/williambenitez1/Capstone_worktrees/1.2_feat__qwen3-vl-8b-instruct__two-pass-refinement/docs/prompt-lab/qwen-v015-human-report-strategy/experiments/automation/human_report_challenge_v2_prompt_iteration_workflow/cycle_001/main_promotion/v017b_prompt_only_main_promotion/v050_fp8_non_oracle_tiling_crop_recovery/tile_outputs/local_only_tiles/155_A_grid_1_0.jpg
155_A_grid_1_1,155,155.jpg,A,True,,,1,0,1,3.181,bca8cbce0e89c142f47b4b4b3007d2773fdc06bf80237c365c91d0bb7d4d6ec7,/home/williambenitez1/Capstone_worktrees/1.2_feat__qwen3-vl-8b-instruct__two-pass-refinement/docs/prompt-lab/qwen-v015-human-report-strategy/experiments/automation/human_report_challenge_v2_prompt_iteration_workflow/cycle_001/main_promotion/v017b_prompt_only_main_promotion/v050_fp8_non_oracle_tiling_crop_recovery/tile_outputs/local_only_tiles/155_A_grid_1_1.jpg
155_B_middle_lower_strip,155,155.jpg,B,True,,,1,0,1,3.395,92d202838fe9284657bdd97fde97d9edead2c77045a70f5ef3ed60dfb8fb0503,/home/williambenitez1/Capstone_worktrees/1.2_feat__qwen3-vl-8b-instruct__two-pass-refinement/docs/prompt-lab/qwen-v015-human-report-strategy/experiments/automation/human_report_challenge_v2_prompt_iteration_workflow/cycle_001/main_promotion/v017b_prompt_only_main_promotion/v050_fp8_non_oracle_tiling_crop_recovery/tile_outputs/local_only_tiles/155_B_middle_lower_strip.jpg
155_B_lower_strip,155,155.jpg,B,True,,,1,0,1,3.412,06cdded7e7d37678325f09dcdbbe994c819c41f363109d85b6751256a7f62d71,/home/williambenitez1/Capstone_worktrees/1.2_feat__qwen3-vl-8b-instruct__two-pass-refinement/docs/prompt-lab/qwen-v015-human-report-strategy/experiments/automation/human_report_challenge_v2_prompt_iteration_workflow/cycle_001/main_promotion/v017b_prompt_only_main_promotion/v050_fp8_non_oracle_tiling_crop_recovery/tile_outputs/local_only_tiles/155_B_lower_strip.jpg
155_C_anchor_0,155,155.jpg,C,True,,,2,0,2,8.582,139d1acf77b94783d20aa56c2e34de0765b8516d3f29629647fd52e7201d5283,/home/williambenitez1/Capstone_worktrees/1.2_feat__qwen3-vl-8b-instruct__two-pass-refinement/docs/prompt-lab/qwen-v015-human-report-strategy/experiments/automation/human_report_challenge_v2_prompt_iteration_workflow/cycle_001/main_promotion/v017b_prompt_only_main_promotion/v050_fp8_non_oracle_tiling_crop_recovery/tile_outputs/local_only_tiles/155_C_anchor_0.jpg
155_C_anchor_1,155,155.jpg,C,True,,,2,0,2,6.968,cdc4df2b3ab25ba1b6269f36a683df3c39c46bdb9b7c87e04c2f83824c1bf10d,/home/williambenitez1/Capstone_worktrees/1.2_feat__qwen3-vl-8b-instruct__two-pass-refinement/docs/prompt-lab/qwen-v015-human-report-strategy/experiments/automation/human_report_challenge_v2_prompt_iteration_workflow/cycle_001/main_promotion/v017b_prompt_only_main_promotion/v050_fp8_non_oracle_tiling_crop_recovery/tile_outputs/local_only_tiles/155_C_anchor_1.jpg
155_D_center_broad,155,155.jpg,D,True,,,2,0,2,5.618,234b160358adb7d4dcb88f05529961a4c83598d24dbba15bda650459ac5dfff6,/home/williambenitez1/Capstone_worktrees/1.2_feat__qwen3-vl-8b-instruct__two-pass-refinement/docs/prompt-lab/qwen-v015-human-report-strategy/experiments/automation/human_report_challenge_v2_prompt_iteration_workflow/cycle_001/main_promotion/v017b_prompt_only_main_promotion/v050_fp8_non_oracle_tiling_crop_recovery/tile_outputs/local_only_tiles/155_D_center_broad.jpg
166_A_grid_0_0,166,166.jpg,A,True,,,2,0,2,5.917,8eb8dc1436a935f4110581ca8eec024eefc3e184a284f97b13721973d3c1e8ce,/home/williambenitez1/Capstone_worktrees/1.2_feat__qwen3-vl-8b-instruct__two-pass-refinement/docs/prompt-lab/qwen-v015-human-report-strategy/experiments/automation/human_report_challenge_v2_prompt_iteration_workflow/cycle_001/main_promotion/v017b_prompt_only_main_promotion/v050_fp8_non_oracle_tiling_crop_recovery/tile_outputs/local_only_tiles/166_A_grid_0_0.jpg
166_A_grid_0_1,166,166.jpg,A,True,,,2,0,2,8.231,b27c947a6310003e4795bba399415759b0257835db7868d736fa6477c8336c49,/home/williambenitez1/Capstone_worktrees/1.2_feat__qwen3-vl-8b-instruct__two-pass-refinement/docs/prompt-lab/qwen-v015-human-report-strategy/experiments/automation/human_report_challenge_v2_prompt_iteration_workflow/cycle_001/main_promotion/v017b_prompt_only_main_promotion/v050_fp8_non_oracle_tiling_crop_recovery/tile_outputs/local_only_tiles/166_A_grid_0_1.jpg
166_A_grid_1_0,166,166.jpg,A,True,,,1,0,1,3.304,4b7e4483cc4e537034ad540ab4804b43264959abe9470728fe8b009367c7adb4,/home/williambenitez1/Capstone_worktrees/1.2_feat__qwen3-vl-8b-instruct__two-pass-refinement/docs/prompt-lab/qwen-v015-human-report-strategy/experiments/automation/human_report_challenge_v2_prompt_iteration_workflow/cycle_001/main_promotion/v017b_prompt_only_main_promotion/v050_fp8_non_oracle_tiling_crop_recovery/tile_outputs/local_only_tiles/166_A_grid_1_0.jpg
166_A_grid_1_1,166,166.jpg,A,True,,,1,0,1,3.192,95f08cdac0ffa6741670c98de6ad7d7ed39bf8161bb323780e503ba5ca172197,/home/williambenitez1/Capstone_worktrees/1.2_feat__qwen3-vl-8b-instruct__two-pass-refinement/docs/prompt-lab/qwen-v015-human-report-strategy/experiments/automation/human_report_challenge_v2_prompt_iteration_workflow/cycle_001/main_promotion/v017b_prompt_only_main_promotion/v050_fp8_non_oracle_tiling_crop_recovery/tile_outputs/local_only_tiles/166_A_grid_1_1.jpg
166_B_middle_lower_strip,166,166.jpg,B,True,,,2,0,2,10.02,c7ffa17e2f0c83f1ef2a4d1cb94a17b45a516c652babcaeedab6a2edc38c9a72,/home/williambenitez1/Capstone_worktrees/1.2_feat__qwen3-vl-8b-instruct__two-pass-refinement/docs/prompt-lab/qwen-v015-human-report-strategy/experiments/automation/human_report_challenge_v2_prompt_iteration_workflow/cycle_001/main_promotion/v017b_prompt_only_main_promotion/v050_fp8_non_oracle_tiling_crop_recovery/tile_outputs/local_only_tiles/166_B_middle_lower_strip.jpg
166_B_lower_strip,166,166.jpg,B,True,,,2,0,2,6.205,3c15952cdff06f160958516e3a8201c81374b97b920b914a13bfd1468291ccab,/home/williambenitez1/Capstone_worktrees/1.2_feat__qwen3-vl-8b-instruct__two-pass-refinement/docs/prompt-lab/qwen-v015-human-report-strategy/experiments/automation/human_report_challenge_v2_prompt_iteration_workflow/cycle_001/main_promotion/v017b_prompt_only_main_promotion/v050_fp8_non_oracle_tiling_crop_recovery/tile_outputs/local_only_tiles/166_B_lower_strip.jpg
166_C_anchor_0,166,166.jpg,C,True,,,1,0,1,3.536,c20911aff0add8676b2f5545ee3af59d7b1cf03bff3e21d09832f4a2e61ad113,/home/williambenitez1/Capstone_worktrees/1.2_feat__qwen3-vl-8b-instruct__two-pass-refinement/docs/prompt-lab/qwen-v015-human-report-strategy/experiments/automation/human_report_challenge_v2_prompt_iteration_workflow/cycle_001/main_promotion/v017b_prompt_only_main_promotion/v050_fp8_non_oracle_tiling_crop_recovery/tile_outputs/local_only_tiles/166_C_anchor_0.jpg
166_D_center_broad,166,166.jpg,D,True,,,2,1,1,8.671,2d2711bbd38e925d402256eeab1aa19b5e09f6a85d1f572fea6d89f43ad42656,/home/williambenitez1/Capstone_worktrees/1.2_feat__qwen3-vl-8b-instruct__two-pass-refinement/docs/prompt-lab/qwen-v015-human-report-strategy/experiments/automation/human_report_challenge_v2_prompt_iteration_workflow/cycle_001/main_promotion/v017b_prompt_only_main_promotion/v050_fp8_non_oracle_tiling_crop_recovery/tile_outputs/local_only_tiles/166_D_center_broad.jpg
