case_id,image_filename,image_height,image_width,strategy,tile_id,tile_name,tile_path,uses_reference,x1,x2,y1,y2
11,11.jpg,1280,720,A,11_A_grid_0_0,grid_0_0,/home/williambenitez1/Capstone_worktrees/1.2_feat__qwen3-vl-8b-instruct__two-pass-refinement/docs/prompt-lab/qwen-v015-human-report-strategy/experiments/automation/human_report_challenge_v2_prompt_iteration_workflow/cycle_001/main_promotion/v017b_prompt_only_main_promotion/v050_fp8_non_oracle_tiling_crop_recovery/tile_outputs/local_only_tiles/11_A_grid_0_0.jpg,False,0,447,0,794
11,11.jpg,1280,720,A,11_A_grid_0_1,grid_0_1,/home/williambenitez1/Capstone_worktrees/1.2_feat__qwen3-vl-8b-instruct__two-pass-refinement/docs/prompt-lab/qwen-v015-human-report-strategy/experiments/automation/human_report_challenge_v2_prompt_iteration_workflow/cycle_001/main_promotion/v017b_prompt_only_main_promotion/v050_fp8_non_oracle_tiling_crop_recovery/tile_outputs/local_only_tiles/11_A_grid_0_1.jpg,False,0,447,486,1280
11,11.jpg,1280,720,A,11_A_grid_1_0,grid_1_0,/home/williambenitez1/Capstone_worktrees/1.2_feat__qwen3-vl-8b-instruct__two-pass-refinement/docs/prompt-lab/qwen-v015-human-report-strategy/experiments/automation/human_report_challenge_v2_prompt_iteration_workflow/cycle_001/main_promotion/v017b_prompt_only_main_promotion/v050_fp8_non_oracle_tiling_crop_recovery/tile_outputs/local_only_tiles/11_A_grid_1_0.jpg,False,273,720,0,794
11,11.jpg,1280,720,A,11_A_grid_1_1,grid_1_1,/home/williambenitez1/Capstone_worktrees/1.2_feat__qwen3-vl-8b-instruct__two-pass-refinement/docs/prompt-lab/qwen-v015-human-report-strategy/experiments/automation/human_report_challenge_v2_prompt_iteration_workflow/cycle_001/main_promotion/v017b_prompt_only_main_promotion/v050_fp8_non_oracle_tiling_crop_recovery/tile_outputs/local_only_tiles/11_A_grid_1_1.jpg,False,273,720,486,1280
11,11.jpg,1280,720,B,11_B_middle_lower_strip,middle_lower_strip,/home/williambenitez1/Capstone_worktrees/1.2_feat__qwen3-vl-8b-instruct__two-pass-refinement/docs/prompt-lab/qwen-v015-human-report-strategy/experiments/automation/human_report_challenge_v2_prompt_iteration_workflow/cycle_001/main_promotion/v017b_prompt_only_main_promotion/v050_fp8_non_oracle_tiling_crop_recovery/tile_outputs/local_only_tiles/11_B_middle_lower_strip.jpg,False,0,720,448,1088
11,11.jpg,1280,720,B,11_B_lower_strip,lower_strip,/home/williambenitez1/Capstone_worktrees/1.2_feat__qwen3-vl-8b-instruct__two-pass-refinement/docs/prompt-lab/qwen-v015-human-report-strategy/experiments/automation/human_report_challenge_v2_prompt_iteration_workflow/cycle_001/main_promotion/v017b_prompt_only_main_promotion/v050_fp8_non_oracle_tiling_crop_recovery/tile_outputs/local_only_tiles/11_B_lower_strip.jpg,False,0,720,704,1280
11,11.jpg,1280,720,C,11_C_anchor_0,anchor_0,/home/williambenitez1/Capstone_worktrees/1.2_feat__qwen3-vl-8b-instruct__two-pass-refinement/docs/prompt-lab/qwen-v015-human-report-strategy/experiments/automation/human_report_challenge_v2_prompt_iteration_workflow/cycle_001/main_promotion/v017b_prompt_only_main_promotion/v050_fp8_non_oracle_tiling_crop_recovery/tile_outputs/local_only_tiles/11_C_anchor_0.jpg,False,93,407,597,995
11,11.jpg,1280,720,D,11_D_center_broad,center_broad,/home/williambenitez1/Capstone_worktrees/1.2_feat__qwen3-vl-8b-instruct__two-pass-refinement/docs/prompt-lab/qwen-v015-human-report-strategy/experiments/automation/human_report_challenge_v2_prompt_iteration_workflow/cycle_001/main_promotion/v017b_prompt_only_main_promotion/v050_fp8_non_oracle_tiling_crop_recovery/tile_outputs/local_only_tiles/11_D_center_broad.jpg,False,57,663,102,1178
14,14.jpg,450,800,A,14_A_grid_0_0,grid_0_0,/home/williambenitez1/Capstone_worktrees/1.2_feat__qwen3-vl-8b-instruct__two-pass-refinement/docs/prompt-lab/qwen-v015-human-report-strategy/experiments/automation/human_report_challenge_v2_prompt_iteration_workflow/cycle_001/main_promotion/v017b_prompt_only_main_promotion/v050_fp8_non_oracle_tiling_crop_recovery/tile_outputs/local_only_tiles/14_A_grid_0_0.jpg,False,0,496,0,279
14,14.jpg,450,800,A,14_A_grid_0_1,grid_0_1,/home/williambenitez1/Capstone_worktrees/1.2_feat__qwen3-vl-8b-instruct__two-pass-refinement/docs/prompt-lab/qwen-v015-human-report-strategy/experiments/automation/human_report_challenge_v2_prompt_iteration_workflow/cycle_001/main_promotion/v017b_prompt_only_main_promotion/v050_fp8_non_oracle_tiling_crop_recovery/tile_outputs/local_only_tiles/14_A_grid_0_1.jpg,False,0,496,171,450
14,14.jpg,450,800,A,14_A_grid_1_0,grid_1_0,/home/williambenitez1/Capstone_worktrees/1.2_feat__qwen3-vl-8b-instruct__two-pass-refinement/docs/prompt-lab/qwen-v015-human-report-strategy/experiments/automation/human_report_challenge_v2_prompt_iteration_workflow/cycle_001/main_promotion/v017b_prompt_only_main_promotion/v050_fp8_non_oracle_tiling_crop_recovery/tile_outputs/local_only_tiles/14_A_grid_1_0.jpg,False,304,800,0,279
14,14.jpg,450,800,A,14_A_grid_1_1,grid_1_1,/home/williambenitez1/Capstone_worktrees/1.2_feat__qwen3-vl-8b-instruct__two-pass-refinement/docs/prompt-lab/qwen-v015-human-report-strategy/experiments/automation/human_report_challenge_v2_prompt_iteration_workflow/cycle_001/main_promotion/v017b_prompt_only_main_promotion/v050_fp8_non_oracle_tiling_crop_recovery/tile_outputs/local_only_tiles/14_A_grid_1_1.jpg,False,304,800,171,450
14,14.jpg,450,800,B,14_B_middle_lower_strip,middle_lower_strip,/home/williambenitez1/Capstone_worktrees/1.2_feat__qwen3-vl-8b-instruct__two-pass-refinement/docs/prompt-lab/qwen-v015-human-report-strategy/experiments/automation/human_report_challenge_v2_prompt_iteration_workflow/cycle_001/main_promotion/v017b_prompt_only_main_promotion/v050_fp8_non_oracle_tiling_crop_recovery/tile_outputs/local_only_tiles/14_B_middle_lower_strip.jpg,False,0,800,157,383
14,14.jpg,450,800,B,14_B_lower_strip,lower_strip,/home/williambenitez1/Capstone_worktrees/1.2_feat__qwen3-vl-8b-instruct__two-pass-refinement/docs/prompt-lab/qwen-v015-human-report-strategy/experiments/automation/human_report_challenge_v2_prompt_iteration_workflow/cycle_001/main_promotion/v017b_prompt_only_main_promotion/v050_fp8_non_oracle_tiling_crop_recovery/tile_outputs/local_only_tiles/14_B_lower_strip.jpg,False,0,800,247,450
14,14.jpg,450,800,C,14_C_anchor_0,anchor_0,/home/williambenitez1/Capstone_worktrees/1.2_feat__qwen3-vl-8b-instruct__two-pass-refinement/docs/prompt-lab/qwen-v015-human-report-strategy/experiments/automation/human_report_challenge_v2_prompt_iteration_workflow/cycle_001/main_promotion/v017b_prompt_only_main_promotion/v050_fp8_non_oracle_tiling_crop_recovery/tile_outputs/local_only_tiles/14_C_anchor_0.jpg,False,264,592,0,450
14,14.jpg,450,800,D,14_D_center_broad,center_broad,/home/williambenitez1/Capstone_worktrees/1.2_feat__qwen3-vl-8b-instruct__two-pass-refinement/docs/prompt-lab/qwen-v015-human-report-strategy/experiments/automation/human_report_challenge_v2_prompt_iteration_workflow/cycle_001/main_promotion/v017b_prompt_only_main_promotion/v050_fp8_non_oracle_tiling_crop_recovery/tile_outputs/local_only_tiles/14_D_center_broad.jpg,False,64,736,36,414
20,20.jpg,967,1433,A,20_A_grid_0_0,grid_0_0,/home/williambenitez1/Capstone_worktrees/1.2_feat__qwen3-vl-8b-instruct__two-pass-refinement/docs/prompt-lab/qwen-v015-human-report-strategy/experiments/automation/human_report_challenge_v2_prompt_iteration_workflow/cycle_001/main_promotion/v017b_prompt_only_main_promotion/v050_fp8_non_oracle_tiling_crop_recovery/tile_outputs/local_only_tiles/20_A_grid_0_0.jpg,False,0,889,0,600
20,20.jpg,967,1433,A,20_A_grid_0_1,grid_0_1,/home/williambenitez1/Capstone_worktrees/1.2_feat__qwen3-vl-8b-instruct__two-pass-refinement/docs/prompt-lab/qwen-v015-human-report-strategy/experiments/automation/human_report_challenge_v2_prompt_iteration_workflow/cycle_001/main_promotion/v017b_prompt_only_main_promotion/v050_fp8_non_oracle_tiling_crop_recovery/tile_outputs/local_only_tiles/20_A_grid_0_1.jpg,False,0,889,367,967
20,20.jpg,967,1433,A,20_A_grid_1_0,grid_1_0,/home/williambenitez1/Capstone_worktrees/1.2_feat__qwen3-vl-8b-instruct__two-pass-refinement/docs/prompt-lab/qwen-v015-human-report-strategy/experiments/automation/human_report_challenge_v2_prompt_iteration_workflow/cycle_001/main_promotion/v017b_prompt_only_main_promotion/v050_fp8_non_oracle_tiling_crop_recovery/tile_outputs/local_only_tiles/20_A_grid_1_0.jpg,False,544,1433,0,600
20,20.jpg,967,1433,A,20_A_grid_1_1,grid_1_1,/home/williambenitez1/Capstone_worktrees/1.2_feat__qwen3-vl-8b-instruct__two-pass-refinement/docs/prompt-lab/qwen-v015-human-report-strategy/experiments/automation/human_report_challenge_v2_prompt_iteration_workflow/cycle_001/main_promotion/v017b_prompt_only_main_promotion/v050_fp8_non_oracle_tiling_crop_recovery/tile_outputs/local_only_tiles/20_A_grid_1_1.jpg,False,544,1433,367,967
20,20.jpg,967,1433,B,20_B_middle_lower_strip,middle_lower_strip,/home/williambenitez1/Capstone_worktrees/1.2_feat__qwen3-vl-8b-instruct__two-pass-refinement/docs/prompt-lab/qwen-v015-human-report-strategy/experiments/automation/human_report_challenge_v2_prompt_iteration_workflow/cycle_001/main_promotion/v017b_prompt_only_main_promotion/v050_fp8_non_oracle_tiling_crop_recovery/tile_outputs/local_only_tiles/20_B_middle_lower_strip.jpg,False,0,1433,338,822
20,20.jpg,967,1433,B,20_B_lower_strip,lower_strip,/home/williambenitez1/Capstone_worktrees/1.2_feat__qwen3-vl-8b-instruct__two-pass-refinement/docs/prompt-lab/qwen-v015-human-report-strategy/experiments/automation/human_report_challenge_v2_prompt_iteration_workflow/cycle_001/main_promotion/v017b_prompt_only_main_promotion/v050_fp8_non_oracle_tiling_crop_recovery/tile_outputs/local_only_tiles/20_B_lower_strip.jpg,False,0,1433,531,967
20,20.jpg,967,1433,C,20_C_anchor_0,anchor_0,/home/williambenitez1/Capstone_worktrees/1.2_feat__qwen3-vl-8b-instruct__two-pass-refinement/docs/prompt-lab/qwen-v015-human-report-strategy/experiments/automation/human_report_challenge_v2_prompt_iteration_workflow/cycle_001/main_promotion/v017b_prompt_only_main_promotion/v050_fp8_non_oracle_tiling_crop_recovery/tile_outputs/local_only_tiles/20_C_anchor_0.jpg,False,0,1433,0,967
20,20.jpg,967,1433,D,20_D_center_broad,center_broad,/home/williambenitez1/Capstone_worktrees/1.2_feat__qwen3-vl-8b-instruct__two-pass-refinement/docs/prompt-lab/qwen-v015-human-report-strategy/experiments/automation/human_report_challenge_v2_prompt_iteration_workflow/cycle_001/main_promotion/v017b_prompt_only_main_promotion/v050_fp8_non_oracle_tiling_crop_recovery/tile_outputs/local_only_tiles/20_D_center_broad.jpg,False,114,1319,77,890
21,21.jpg,483,626,A,21_A_grid_0_0,grid_0_0,/home/williambenitez1/Capstone_worktrees/1.2_feat__qwen3-vl-8b-instruct__two-pass-refinement/docs/prompt-lab/qwen-v015-human-report-strategy/experiments/automation/human_report_challenge_v2_prompt_iteration_workflow/cycle_001/main_promotion/v017b_prompt_only_main_promotion/v050_fp8_non_oracle_tiling_crop_recovery/tile_outputs/local_only_tiles/21_A_grid_0_0.jpg,False,0,389,0,300
21,21.jpg,483,626,A,21_A_grid_0_1,grid_0_1,/home/williambenitez1/Capstone_worktrees/1.2_feat__qwen3-vl-8b-instruct__two-pass-refinement/docs/prompt-lab/qwen-v015-human-report-strategy/experiments/automation/human_report_challenge_v2_prompt_iteration_workflow/cycle_001/main_promotion/v017b_prompt_only_main_promotion/v050_fp8_non_oracle_tiling_crop_recovery/tile_outputs/local_only_tiles/21_A_grid_0_1.jpg,False,0,389,183,483
21,21.jpg,483,626,A,21_A_grid_1_0,grid_1_0,/home/williambenitez1/Capstone_worktrees/1.2_feat__qwen3-vl-8b-instruct__two-pass-refinement/docs/prompt-lab/qwen-v015-human-report-strategy/experiments/automation/human_report_challenge_v2_prompt_iteration_workflow/cycle_001/main_promotion/v017b_prompt_only_main_promotion/v050_fp8_non_oracle_tiling_crop_recovery/tile_outputs/local_only_tiles/21_A_grid_1_0.jpg,False,237,626,0,300
21,21.jpg,483,626,A,21_A_grid_1_1,grid_1_1,/home/williambenitez1/Capstone_worktrees/1.2_feat__qwen3-vl-8b-instruct__two-pass-refinement/docs/prompt-lab/qwen-v015-human-report-strategy/experiments/automation/human_report_challenge_v2_prompt_iteration_workflow/cycle_001/main_promotion/v017b_prompt_only_main_promotion/v050_fp8_non_oracle_tiling_crop_recovery/tile_outputs/local_only_tiles/21_A_grid_1_1.jpg,False,237,626,183,483
21,21.jpg,483,626,B,21_B_middle_lower_strip,middle_lower_strip,/home/williambenitez1/Capstone_worktrees/1.2_feat__qwen3-vl-8b-instruct__two-pass-refinement/docs/prompt-lab/qwen-v015-human-report-strategy/experiments/automation/human_report_challenge_v2_prompt_iteration_workflow/cycle_001/main_promotion/v017b_prompt_only_main_promotion/v050_fp8_non_oracle_tiling_crop_recovery/tile_outputs/local_only_tiles/21_B_middle_lower_strip.jpg,False,0,626,169,411
21,21.jpg,483,626,B,21_B_lower_strip,lower_strip,/home/williambenitez1/Capstone_worktrees/1.2_feat__qwen3-vl-8b-instruct__two-pass-refinement/docs/prompt-lab/qwen-v015-human-report-strategy/experiments/automation/human_report_challenge_v2_prompt_iteration_workflow/cycle_001/main_promotion/v017b_prompt_only_main_promotion/v050_fp8_non_oracle_tiling_crop_recovery/tile_outputs/local_only_tiles/21_B_lower_strip.jpg,False,0,626,265,483
21,21.jpg,483,626,C,21_C_anchor_0,anchor_0,/home/williambenitez1/Capstone_worktrees/1.2_feat__qwen3-vl-8b-instruct__two-pass-refinement/docs/prompt-lab/qwen-v015-human-report-strategy/experiments/automation/human_report_challenge_v2_prompt_iteration_workflow/cycle_001/main_promotion/v017b_prompt_only_main_promotion/v050_fp8_non_oracle_tiling_crop_recovery/tile_outputs/local_only_tiles/21_C_anchor_0.jpg,False,0,582,0,468
21,21.jpg,483,626,C,21_C_anchor_1,anchor_1,/home/williambenitez1/Capstone_worktrees/1.2_feat__qwen3-vl-8b-instruct__two-pass-refinement/docs/prompt-lab/qwen-v015-human-report-strategy/experiments/automation/human_report_challenge_v2_prompt_iteration_workflow/cycle_001/main_promotion/v017b_prompt_only_main_promotion/v050_fp8_non_oracle_tiling_crop_recovery/tile_outputs/local_only_tiles/21_C_anchor_1.jpg,False,310,626,0,414
21,21.jpg,483,626,D,21_D_center_broad,center_broad,/home/williambenitez1/Capstone_worktrees/1.2_feat__qwen3-vl-8b-instruct__two-pass-refinement/docs/prompt-lab/qwen-v015-human-report-strategy/experiments/automation/human_report_challenge_v2_prompt_iteration_workflow/cycle_001/main_promotion/v017b_prompt_only_main_promotion/v050_fp8_non_oracle_tiling_crop_recovery/tile_outputs/local_only_tiles/21_D_center_broad.jpg,False,50,576,38,445
40,40.png,445,792,A,40_A_grid_0_0,grid_0_0,/home/williambenitez1/Capstone_worktrees/1.2_feat__qwen3-vl-8b-instruct__two-pass-refinement/docs/prompt-lab/qwen-v015-human-report-strategy/experiments/automation/human_report_challenge_v2_prompt_iteration_workflow/cycle_001/main_promotion/v017b_prompt_only_main_promotion/v050_fp8_non_oracle_tiling_crop_recovery/tile_outputs/local_only_tiles/40_A_grid_0_0.png,False,0,492,0,276
40,40.png,445,792,A,40_A_grid_0_1,grid_0_1,/home/williambenitez1/Capstone_worktrees/1.2_feat__qwen3-vl-8b-instruct__two-pass-refinement/docs/prompt-lab/qwen-v015-human-report-strategy/experiments/automation/human_report_challenge_v2_prompt_iteration_workflow/cycle_001/main_promotion/v017b_prompt_only_main_promotion/v050_fp8_non_oracle_tiling_crop_recovery/tile_outputs/local_only_tiles/40_A_grid_0_1.png,False,0,492,169,445
40,40.png,445,792,A,40_A_grid_1_0,grid_1_0,/home/williambenitez1/Capstone_worktrees/1.2_feat__qwen3-vl-8b-instruct__two-pass-refinement/docs/prompt-lab/qwen-v015-human-report-strategy/experiments/automation/human_report_challenge_v2_prompt_iteration_workflow/cycle_001/main_promotion/v017b_prompt_only_main_promotion/v050_fp8_non_oracle_tiling_crop_recovery/tile_outputs/local_only_tiles/40_A_grid_1_0.png,False,300,792,0,276
40,40.png,445,792,A,40_A_grid_1_1,grid_1_1,/home/williambenitez1/Capstone_worktrees/1.2_feat__qwen3-vl-8b-instruct__two-pass-refinement/docs/prompt-lab/qwen-v015-human-report-strategy/experiments/automation/human_report_challenge_v2_prompt_iteration_workflow/cycle_001/main_promotion/v017b_prompt_only_main_promotion/v050_fp8_non_oracle_tiling_crop_recovery/tile_outputs/local_only_tiles/40_A_grid_1_1.png,False,300,792,169,445
40,40.png,445,792,B,40_B_middle_lower_strip,middle_lower_strip,/home/williambenitez1/Capstone_worktrees/1.2_feat__qwen3-vl-8b-instruct__two-pass-refinement/docs/prompt-lab/qwen-v015-human-report-strategy/experiments/automation/human_report_challenge_v2_prompt_iteration_workflow/cycle_001/main_promotion/v017b_prompt_only_main_promotion/v050_fp8_non_oracle_tiling_crop_recovery/tile_outputs/local_only_tiles/40_B_middle_lower_strip.png,False,0,792,155,379
40,40.png,445,792,B,40_B_lower_strip,lower_strip,/home/williambenitez1/Capstone_worktrees/1.2_feat__qwen3-vl-8b-instruct__two-pass-refinement/docs/prompt-lab/qwen-v015-human-report-strategy/experiments/automation/human_report_challenge_v2_prompt_iteration_workflow/cycle_001/main_promotion/v017b_prompt_only_main_promotion/v050_fp8_non_oracle_tiling_crop_recovery/tile_outputs/local_only_tiles/40_B_lower_strip.png,False,0,792,244,445
40,40.png,445,792,C,40_C_anchor_0,anchor_0,/home/williambenitez1/Capstone_worktrees/1.2_feat__qwen3-vl-8b-instruct__two-pass-refinement/docs/prompt-lab/qwen-v015-human-report-strategy/experiments/automation/human_report_challenge_v2_prompt_iteration_workflow/cycle_001/main_promotion/v017b_prompt_only_main_promotion/v050_fp8_non_oracle_tiling_crop_recovery/tile_outputs/local_only_tiles/40_C_anchor_0.png,False,0,792,0,445
40,40.png,445,792,D,40_D_center_broad,center_broad,/home/williambenitez1/Capstone_worktrees/1.2_feat__qwen3-vl-8b-instruct__two-pass-refinement/docs/prompt-lab/qwen-v015-human-report-strategy/experiments/automation/human_report_challenge_v2_prompt_iteration_workflow/cycle_001/main_promotion/v017b_prompt_only_main_promotion/v050_fp8_non_oracle_tiling_crop_recovery/tile_outputs/local_only_tiles/40_D_center_broad.png,False,63,729,35,410
42,42.png,945,1920,A,42_A_grid_0_0,grid_0_0,/home/williambenitez1/Capstone_worktrees/1.2_feat__qwen3-vl-8b-instruct__two-pass-refinement/docs/prompt-lab/qwen-v015-human-report-strategy/experiments/automation/human_report_challenge_v2_prompt_iteration_workflow/cycle_001/main_promotion/v017b_prompt_only_main_promotion/v050_fp8_non_oracle_tiling_crop_recovery/tile_outputs/local_only_tiles/42_A_grid_0_0.png,False,0,1191,0,586
42,42.png,945,1920,A,42_A_grid_0_1,grid_0_1,/home/williambenitez1/Capstone_worktrees/1.2_feat__qwen3-vl-8b-instruct__two-pass-refinement/docs/prompt-lab/qwen-v015-human-report-strategy/experiments/automation/human_report_challenge_v2_prompt_iteration_workflow/cycle_001/main_promotion/v017b_prompt_only_main_promotion/v050_fp8_non_oracle_tiling_crop_recovery/tile_outputs/local_only_tiles/42_A_grid_0_1.png,False,0,1191,359,945
42,42.png,945,1920,A,42_A_grid_1_0,grid_1_0,/home/williambenitez1/Capstone_worktrees/1.2_feat__qwen3-vl-8b-instruct__two-pass-refinement/docs/prompt-lab/qwen-v015-human-report-strategy/experiments/automation/human_report_challenge_v2_prompt_iteration_workflow/cycle_001/main_promotion/v017b_prompt_only_main_promotion/v050_fp8_non_oracle_tiling_crop_recovery/tile_outputs/local_only_tiles/42_A_grid_1_0.png,False,729,1920,0,586
42,42.png,945,1920,A,42_A_grid_1_1,grid_1_1,/home/williambenitez1/Capstone_worktrees/1.2_feat__qwen3-vl-8b-instruct__two-pass-refinement/docs/prompt-lab/qwen-v015-human-report-strategy/experiments/automation/human_report_challenge_v2_prompt_iteration_workflow/cycle_001/main_promotion/v017b_prompt_only_main_promotion/v050_fp8_non_oracle_tiling_crop_recovery/tile_outputs/local_only_tiles/42_A_grid_1_1.png,False,729,1920,359,945
42,42.png,945,1920,B,42_B_middle_lower_strip,middle_lower_strip,/home/williambenitez1/Capstone_worktrees/1.2_feat__qwen3-vl-8b-instruct__two-pass-refinement/docs/prompt-lab/qwen-v015-human-report-strategy/experiments/automation/human_report_challenge_v2_prompt_iteration_workflow/cycle_001/main_promotion/v017b_prompt_only_main_promotion/v050_fp8_non_oracle_tiling_crop_recovery/tile_outputs/local_only_tiles/42_B_middle_lower_strip.png,False,0,1920,330,804
42,42.png,945,1920,B,42_B_lower_strip,lower_strip,/home/williambenitez1/Capstone_worktrees/1.2_feat__qwen3-vl-8b-instruct__two-pass-refinement/docs/prompt-lab/qwen-v015-human-report-strategy/experiments/automation/human_report_challenge_v2_prompt_iteration_workflow/cycle_001/main_promotion/v017b_prompt_only_main_promotion/v050_fp8_non_oracle_tiling_crop_recovery/tile_outputs/local_only_tiles/42_B_lower_strip.png,False,0,1920,519,945
42,42.png,945,1920,C,42_C_anchor_0,anchor_0,/home/williambenitez1/Capstone_worktrees/1.2_feat__qwen3-vl-8b-instruct__two-pass-refinement/docs/prompt-lab/qwen-v015-human-report-strategy/experiments/automation/human_report_challenge_v2_prompt_iteration_workflow/cycle_001/main_promotion/v017b_prompt_only_main_promotion/v050_fp8_non_oracle_tiling_crop_recovery/tile_outputs/local_only_tiles/42_C_anchor_0.png,False,0,1920,0,945
42,42.png,945,1920,D,42_D_center_broad,center_broad,/home/williambenitez1/Capstone_worktrees/1.2_feat__qwen3-vl-8b-instruct__two-pass-refinement/docs/prompt-lab/qwen-v015-human-report-strategy/experiments/automation/human_report_challenge_v2_prompt_iteration_workflow/cycle_001/main_promotion/v017b_prompt_only_main_promotion/v050_fp8_non_oracle_tiling_crop_recovery/tile_outputs/local_only_tiles/42_D_center_broad.png,False,153,1767,75,870
44,44.jpg,1887,3351,A,44_A_grid_0_0,grid_0_0,/home/williambenitez1/Capstone_worktrees/1.2_feat__qwen3-vl-8b-instruct__two-pass-refinement/docs/prompt-lab/qwen-v015-human-report-strategy/experiments/automation/human_report_challenge_v2_prompt_iteration_workflow/cycle_001/main_promotion/v017b_prompt_only_main_promotion/v050_fp8_non_oracle_tiling_crop_recovery/tile_outputs/local_only_tiles/44_A_grid_0_0.jpg,False,0,2078,0,1170
44,44.jpg,1887,3351,A,44_A_grid_0_1,grid_0_1,/home/williambenitez1/Capstone_worktrees/1.2_feat__qwen3-vl-8b-instruct__two-pass-refinement/docs/prompt-lab/qwen-v015-human-report-strategy/experiments/automation/human_report_challenge_v2_prompt_iteration_workflow/cycle_001/main_promotion/v017b_prompt_only_main_promotion/v050_fp8_non_oracle_tiling_crop_recovery/tile_outputs/local_only_tiles/44_A_grid_0_1.jpg,False,0,2078,717,1887
44,44.jpg,1887,3351,A,44_A_grid_1_0,grid_1_0,/home/williambenitez1/Capstone_worktrees/1.2_feat__qwen3-vl-8b-instruct__two-pass-refinement/docs/prompt-lab/qwen-v015-human-report-strategy/experiments/automation/human_report_challenge_v2_prompt_iteration_workflow/cycle_001/main_promotion/v017b_prompt_only_main_promotion/v050_fp8_non_oracle_tiling_crop_recovery/tile_outputs/local_only_tiles/44_A_grid_1_0.jpg,False,1273,3351,0,1170
44,44.jpg,1887,3351,A,44_A_grid_1_1,grid_1_1,/home/williambenitez1/Capstone_worktrees/1.2_feat__qwen3-vl-8b-instruct__two-pass-refinement/docs/prompt-lab/qwen-v015-human-report-strategy/experiments/automation/human_report_challenge_v2_prompt_iteration_workflow/cycle_001/main_promotion/v017b_prompt_only_main_promotion/v050_fp8_non_oracle_tiling_crop_recovery/tile_outputs/local_only_tiles/44_A_grid_1_1.jpg,False,1273,3351,717,1887
44,44.jpg,1887,3351,B,44_B_middle_lower_strip,middle_lower_strip,/home/williambenitez1/Capstone_worktrees/1.2_feat__qwen3-vl-8b-instruct__two-pass-refinement/docs/prompt-lab/qwen-v015-human-report-strategy/experiments/automation/human_report_challenge_v2_prompt_iteration_workflow/cycle_001/main_promotion/v017b_prompt_only_main_promotion/v050_fp8_non_oracle_tiling_crop_recovery/tile_outputs/local_only_tiles/44_B_middle_lower_strip.jpg,False,0,3351,660,1604
44,44.jpg,1887,3351,B,44_B_lower_strip,lower_strip,/home/williambenitez1/Capstone_worktrees/1.2_feat__qwen3-vl-8b-instruct__two-pass-refinement/docs/prompt-lab/qwen-v015-human-report-strategy/experiments/automation/human_report_challenge_v2_prompt_iteration_workflow/cycle_001/main_promotion/v017b_prompt_only_main_promotion/v050_fp8_non_oracle_tiling_crop_recovery/tile_outputs/local_only_tiles/44_B_lower_strip.jpg,False,0,3351,1037,1887
44,44.jpg,1887,3351,C,44_C_anchor_0,anchor_0,/home/williambenitez1/Capstone_worktrees/1.2_feat__qwen3-vl-8b-instruct__two-pass-refinement/docs/prompt-lab/qwen-v015-human-report-strategy/experiments/automation/human_report_challenge_v2_prompt_iteration_workflow/cycle_001/main_promotion/v017b_prompt_only_main_promotion/v050_fp8_non_oracle_tiling_crop_recovery/tile_outputs/local_only_tiles/44_C_anchor_0.jpg,False,522,2072,897,1887
44,44.jpg,1887,3351,C,44_C_anchor_1,anchor_1,/home/williambenitez1/Capstone_worktrees/1.2_feat__qwen3-vl-8b-instruct__two-pass-refinement/docs/prompt-lab/qwen-v015-human-report-strategy/experiments/automation/human_report_challenge_v2_prompt_iteration_workflow/cycle_001/main_promotion/v017b_prompt_only_main_promotion/v050_fp8_non_oracle_tiling_crop_recovery/tile_outputs/local_only_tiles/44_C_anchor_1.jpg,False,0,1180,194,1440
44,44.jpg,1887,3351,C,44_C_anchor_2,anchor_2,/home/williambenitez1/Capstone_worktrees/1.2_feat__qwen3-vl-8b-instruct__two-pass-refinement/docs/prompt-lab/qwen-v015-human-report-strategy/experiments/automation/human_report_challenge_v2_prompt_iteration_workflow/cycle_001/main_promotion/v017b_prompt_only_main_promotion/v050_fp8_non_oracle_tiling_crop_recovery/tile_outputs/local_only_tiles/44_C_anchor_2.jpg,False,1761,3351,176,1143
44,44.jpg,1887,3351,D,44_D_center_broad,center_broad,/home/williambenitez1/Capstone_worktrees/1.2_feat__qwen3-vl-8b-instruct__two-pass-refinement/docs/prompt-lab/qwen-v015-human-report-strategy/experiments/automation/human_report_challenge_v2_prompt_iteration_workflow/cycle_001/main_promotion/v017b_prompt_only_main_promotion/v050_fp8_non_oracle_tiling_crop_recovery/tile_outputs/local_only_tiles/44_D_center_broad.jpg,False,268,3083,150,1737
53,53.jpg,1181,2048,A,53_A_grid_0_0,grid_0_0,/home/williambenitez1/Capstone_worktrees/1.2_feat__qwen3-vl-8b-instruct__two-pass-refinement/docs/prompt-lab/qwen-v015-human-report-strategy/experiments/automation/human_report_challenge_v2_prompt_iteration_workflow/cycle_001/main_promotion/v017b_prompt_only_main_promotion/v050_fp8_non_oracle_tiling_crop_recovery/tile_outputs/local_only_tiles/53_A_grid_0_0.jpg,False,0,1270,0,733
53,53.jpg,1181,2048,A,53_A_grid_0_1,grid_0_1,/home/williambenitez1/Capstone_worktrees/1.2_feat__qwen3-vl-8b-instruct__two-pass-refinement/docs/prompt-lab/qwen-v015-human-report-strategy/experiments/automation/human_report_challenge_v2_prompt_iteration_workflow/cycle_001/main_promotion/v017b_prompt_only_main_promotion/v050_fp8_non_oracle_tiling_crop_recovery/tile_outputs/local_only_tiles/53_A_grid_0_1.jpg,False,0,1270,448,1181
53,53.jpg,1181,2048,A,53_A_grid_1_0,grid_1_0,/home/williambenitez1/Capstone_worktrees/1.2_feat__qwen3-vl-8b-instruct__two-pass-refinement/docs/prompt-lab/qwen-v015-human-report-strategy/experiments/automation/human_report_challenge_v2_prompt_iteration_workflow/cycle_001/main_promotion/v017b_prompt_only_main_promotion/v050_fp8_non_oracle_tiling_crop_recovery/tile_outputs/local_only_tiles/53_A_grid_1_0.jpg,False,778,2048,0,733
53,53.jpg,1181,2048,A,53_A_grid_1_1,grid_1_1,/home/williambenitez1/Capstone_worktrees/1.2_feat__qwen3-vl-8b-instruct__two-pass-refinement/docs/prompt-lab/qwen-v015-human-report-strategy/experiments/automation/human_report_challenge_v2_prompt_iteration_workflow/cycle_001/main_promotion/v017b_prompt_only_main_promotion/v050_fp8_non_oracle_tiling_crop_recovery/tile_outputs/local_only_tiles/53_A_grid_1_1.jpg,False,778,2048,448,1181
53,53.jpg,1181,2048,B,53_B_middle_lower_strip,middle_lower_strip,/home/williambenitez1/Capstone_worktrees/1.2_feat__qwen3-vl-8b-instruct__two-pass-refinement/docs/prompt-lab/qwen-v015-human-report-strategy/experiments/automation/human_report_challenge_v2_prompt_iteration_workflow/cycle_001/main_promotion/v017b_prompt_only_main_promotion/v050_fp8_non_oracle_tiling_crop_recovery/tile_outputs/local_only_tiles/53_B_middle_lower_strip.jpg,False,0,2048,413,1004
53,53.jpg,1181,2048,B,53_B_lower_strip,lower_strip,/home/williambenitez1/Capstone_worktrees/1.2_feat__qwen3-vl-8b-instruct__two-pass-refinement/docs/prompt-lab/qwen-v015-human-report-strategy/experiments/automation/human_report_challenge_v2_prompt_iteration_workflow/cycle_001/main_promotion/v017b_prompt_only_main_promotion/v050_fp8_non_oracle_tiling_crop_recovery/tile_outputs/local_only_tiles/53_B_lower_strip.jpg,False,0,2048,649,1181
53,53.jpg,1181,2048,C,53_C_anchor_0,anchor_0,/home/williambenitez1/Capstone_worktrees/1.2_feat__qwen3-vl-8b-instruct__two-pass-refinement/docs/prompt-lab/qwen-v015-human-report-strategy/experiments/automation/human_report_challenge_v2_prompt_iteration_workflow/cycle_001/main_promotion/v017b_prompt_only_main_promotion/v050_fp8_non_oracle_tiling_crop_recovery/tile_outputs/local_only_tiles/53_C_anchor_0.jpg,False,0,2048,0,1181
53,53.jpg,1181,2048,C,53_C_anchor_1,anchor_1,/home/williambenitez1/Capstone_worktrees/1.2_feat__qwen3-vl-8b-instruct__two-pass-refinement/docs/prompt-lab/qwen-v015-human-report-strategy/experiments/automation/human_report_challenge_v2_prompt_iteration_workflow/cycle_001/main_promotion/v017b_prompt_only_main_promotion/v050_fp8_non_oracle_tiling_crop_recovery/tile_outputs/local_only_tiles/53_C_anchor_1.jpg,False,614,2048,196,1145
53,53.jpg,1181,2048,D,53_D_center_broad,center_broad,/home/williambenitez1/Capstone_worktrees/1.2_feat__qwen3-vl-8b-instruct__two-pass-refinement/docs/prompt-lab/qwen-v015-human-report-strategy/experiments/automation/human_report_challenge_v2_prompt_iteration_workflow/cycle_001/main_promotion/v017b_prompt_only_main_promotion/v050_fp8_non_oracle_tiling_crop_recovery/tile_outputs/local_only_tiles/53_D_center_broad.jpg,False,163,1885,94,1087
66,66.jpg,555,993,A,66_A_grid_0_0,grid_0_0,/home/williambenitez1/Capstone_worktrees/1.2_feat__qwen3-vl-8b-instruct__two-pass-refinement/docs/prompt-lab/qwen-v015-human-report-strategy/experiments/automation/human_report_challenge_v2_prompt_iteration_workflow/cycle_001/main_promotion/v017b_prompt_only_main_promotion/v050_fp8_non_oracle_tiling_crop_recovery/tile_outputs/local_only_tiles/66_A_grid_0_0.jpg,False,0,616,0,345
66,66.jpg,555,993,A,66_A_grid_0_1,grid_0_1,/home/williambenitez1/Capstone_worktrees/1.2_feat__qwen3-vl-8b-instruct__two-pass-refinement/docs/prompt-lab/qwen-v015-human-report-strategy/experiments/automation/human_report_challenge_v2_prompt_iteration_workflow/cycle_001/main_promotion/v017b_prompt_only_main_promotion/v050_fp8_non_oracle_tiling_crop_recovery/tile_outputs/local_only_tiles/66_A_grid_0_1.jpg,False,0,616,210,555
66,66.jpg,555,993,A,66_A_grid_1_0,grid_1_0,/home/williambenitez1/Capstone_worktrees/1.2_feat__qwen3-vl-8b-instruct__two-pass-refinement/docs/prompt-lab/qwen-v015-human-report-strategy/experiments/automation/human_report_challenge_v2_prompt_iteration_workflow/cycle_001/main_promotion/v017b_prompt_only_main_promotion/v050_fp8_non_oracle_tiling_crop_recovery/tile_outputs/local_only_tiles/66_A_grid_1_0.jpg,False,377,993,0,345
66,66.jpg,555,993,A,66_A_grid_1_1,grid_1_1,/home/williambenitez1/Capstone_worktrees/1.2_feat__qwen3-vl-8b-instruct__two-pass-refinement/docs/prompt-lab/qwen-v015-human-report-strategy/experiments/automation/human_report_challenge_v2_prompt_iteration_workflow/cycle_001/main_promotion/v017b_prompt_only_main_promotion/v050_fp8_non_oracle_tiling_crop_recovery/tile_outputs/local_only_tiles/66_A_grid_1_1.jpg,False,377,993,210,555
66,66.jpg,555,993,B,66_B_middle_lower_strip,middle_lower_strip,/home/williambenitez1/Capstone_worktrees/1.2_feat__qwen3-vl-8b-instruct__two-pass-refinement/docs/prompt-lab/qwen-v015-human-report-strategy/experiments/automation/human_report_challenge_v2_prompt_iteration_workflow/cycle_001/main_promotion/v017b_prompt_only_main_promotion/v050_fp8_non_oracle_tiling_crop_recovery/tile_outputs/local_only_tiles/66_B_middle_lower_strip.jpg,False,0,993,194,472
66,66.jpg,555,993,B,66_B_lower_strip,lower_strip,/home/williambenitez1/Capstone_worktrees/1.2_feat__qwen3-vl-8b-instruct__two-pass-refinement/docs/prompt-lab/qwen-v015-human-report-strategy/experiments/automation/human_report_challenge_v2_prompt_iteration_workflow/cycle_001/main_promotion/v017b_prompt_only_main_promotion/v050_fp8_non_oracle_tiling_crop_recovery/tile_outputs/local_only_tiles/66_B_lower_strip.jpg,False,0,993,305,555
66,66.jpg,555,993,C,66_C_anchor_0,anchor_0,/home/williambenitez1/Capstone_worktrees/1.2_feat__qwen3-vl-8b-instruct__two-pass-refinement/docs/prompt-lab/qwen-v015-human-report-strategy/experiments/automation/human_report_challenge_v2_prompt_iteration_workflow/cycle_001/main_promotion/v017b_prompt_only_main_promotion/v050_fp8_non_oracle_tiling_crop_recovery/tile_outputs/local_only_tiles/66_C_anchor_0.jpg,False,153,993,0,555
66,66.jpg,555,993,C,66_C_anchor_1,anchor_1,/home/williambenitez1/Capstone_worktrees/1.2_feat__qwen3-vl-8b-instruct__two-pass-refinement/docs/prompt-lab/qwen-v015-human-report-strategy/experiments/automation/human_report_challenge_v2_prompt_iteration_workflow/cycle_001/main_promotion/v017b_prompt_only_main_promotion/v050_fp8_non_oracle_tiling_crop_recovery/tile_outputs/local_only_tiles/66_C_anchor_1.jpg,False,190,595,109,460
66,66.jpg,555,993,C,66_C_anchor_2,anchor_2,/home/williambenitez1/Capstone_worktrees/1.2_feat__qwen3-vl-8b-instruct__two-pass-refinement/docs/prompt-lab/qwen-v015-human-report-strategy/experiments/automation/human_report_challenge_v2_prompt_iteration_workflow/cycle_001/main_promotion/v017b_prompt_only_main_promotion/v050_fp8_non_oracle_tiling_crop_recovery/tile_outputs/local_only_tiles/66_C_anchor_2.jpg,False,126,443,156,409
66,66.jpg,555,993,D,66_D_center_broad,center_broad,/home/williambenitez1/Capstone_worktrees/1.2_feat__qwen3-vl-8b-instruct__two-pass-refinement/docs/prompt-lab/qwen-v015-human-report-strategy/experiments/automation/human_report_challenge_v2_prompt_iteration_workflow/cycle_001/main_promotion/v017b_prompt_only_main_promotion/v050_fp8_non_oracle_tiling_crop_recovery/tile_outputs/local_only_tiles/66_D_center_broad.jpg,False,79,914,44,511
67,67.jpg,540,960,A,67_A_grid_0_0,grid_0_0,/home/williambenitez1/Capstone_worktrees/1.2_feat__qwen3-vl-8b-instruct__two-pass-refinement/docs/prompt-lab/qwen-v015-human-report-strategy/experiments/automation/human_report_challenge_v2_prompt_iteration_workflow/cycle_001/main_promotion/v017b_prompt_only_main_promotion/v050_fp8_non_oracle_tiling_crop_recovery/tile_outputs/local_only_tiles/67_A_grid_0_0.jpg,False,0,596,0,335
67,67.jpg,540,960,A,67_A_grid_0_1,grid_0_1,/home/williambenitez1/Capstone_worktrees/1.2_feat__qwen3-vl-8b-instruct__two-pass-refinement/docs/prompt-lab/qwen-v015-human-report-strategy/experiments/automation/human_report_challenge_v2_prompt_iteration_workflow/cycle_001/main_promotion/v017b_prompt_only_main_promotion/v050_fp8_non_oracle_tiling_crop_recovery/tile_outputs/local_only_tiles/67_A_grid_0_1.jpg,False,0,596,205,540
67,67.jpg,540,960,A,67_A_grid_1_0,grid_1_0,/home/williambenitez1/Capstone_worktrees/1.2_feat__qwen3-vl-8b-instruct__two-pass-refinement/docs/prompt-lab/qwen-v015-human-report-strategy/experiments/automation/human_report_challenge_v2_prompt_iteration_workflow/cycle_001/main_promotion/v017b_prompt_only_main_promotion/v050_fp8_non_oracle_tiling_crop_recovery/tile_outputs/local_only_tiles/67_A_grid_1_0.jpg,False,364,960,0,335
67,67.jpg,540,960,A,67_A_grid_1_1,grid_1_1,/home/williambenitez1/Capstone_worktrees/1.2_feat__qwen3-vl-8b-instruct__two-pass-refinement/docs/prompt-lab/qwen-v015-human-report-strategy/experiments/automation/human_report_challenge_v2_prompt_iteration_workflow/cycle_001/main_promotion/v017b_prompt_only_main_promotion/v050_fp8_non_oracle_tiling_crop_recovery/tile_outputs/local_only_tiles/67_A_grid_1_1.jpg,False,364,960,205,540
67,67.jpg,540,960,B,67_B_middle_lower_strip,middle_lower_strip,/home/williambenitez1/Capstone_worktrees/1.2_feat__qwen3-vl-8b-instruct__two-pass-refinement/docs/prompt-lab/qwen-v015-human-report-strategy/experiments/automation/human_report_challenge_v2_prompt_iteration_workflow/cycle_001/main_promotion/v017b_prompt_only_main_promotion/v050_fp8_non_oracle_tiling_crop_recovery/tile_outputs/local_only_tiles/67_B_middle_lower_strip.jpg,False,0,960,189,459
67,67.jpg,540,960,B,67_B_lower_strip,lower_strip,/home/williambenitez1/Capstone_worktrees/1.2_feat__qwen3-vl-8b-instruct__two-pass-refinement/docs/prompt-lab/qwen-v015-human-report-strategy/experiments/automation/human_report_challenge_v2_prompt_iteration_workflow/cycle_001/main_promotion/v017b_prompt_only_main_promotion/v050_fp8_non_oracle_tiling_crop_recovery/tile_outputs/local_only_tiles/67_B_lower_strip.jpg,False,0,960,297,540
67,67.jpg,540,960,C,67_C_anchor_0,anchor_0,/home/williambenitez1/Capstone_worktrees/1.2_feat__qwen3-vl-8b-instruct__two-pass-refinement/docs/prompt-lab/qwen-v015-human-report-strategy/experiments/automation/human_report_challenge_v2_prompt_iteration_workflow/cycle_001/main_promotion/v017b_prompt_only_main_promotion/v050_fp8_non_oracle_tiling_crop_recovery/tile_outputs/local_only_tiles/67_C_anchor_0.jpg,False,521,913,178,385
67,67.jpg,540,960,C,67_C_anchor_1,anchor_1,/home/williambenitez1/Capstone_worktrees/1.2_feat__qwen3-vl-8b-instruct__two-pass-refinement/docs/prompt-lab/qwen-v015-human-report-strategy/experiments/automation/human_report_challenge_v2_prompt_iteration_workflow/cycle_001/main_promotion/v017b_prompt_only_main_promotion/v050_fp8_non_oracle_tiling_crop_recovery/tile_outputs/local_only_tiles/67_C_anchor_1.jpg,False,321,615,145,305
67,67.jpg,540,960,C,67_C_anchor_2,anchor_2,/home/williambenitez1/Capstone_worktrees/1.2_feat__qwen3-vl-8b-instruct__two-pass-refinement/docs/prompt-lab/qwen-v015-human-report-strategy/experiments/automation/human_report_challenge_v2_prompt_iteration_workflow/cycle_001/main_promotion/v017b_prompt_only_main_promotion/v050_fp8_non_oracle_tiling_crop_recovery/tile_outputs/local_only_tiles/67_C_anchor_2.jpg,False,196,466,133,287
67,67.jpg,540,960,D,67_D_center_broad,center_broad,/home/williambenitez1/Capstone_worktrees/1.2_feat__qwen3-vl-8b-instruct__two-pass-refinement/docs/prompt-lab/qwen-v015-human-report-strategy/experiments/automation/human_report_challenge_v2_prompt_iteration_workflow/cycle_001/main_promotion/v017b_prompt_only_main_promotion/v050_fp8_non_oracle_tiling_crop_recovery/tile_outputs/local_only_tiles/67_D_center_broad.jpg,False,76,884,43,497
76,76.jpg,1300,1733,A,76_A_grid_0_0,grid_0_0,/home/williambenitez1/Capstone_worktrees/1.2_feat__qwen3-vl-8b-instruct__two-pass-refinement/docs/prompt-lab/qwen-v015-human-report-strategy/experiments/automation/human_report_challenge_v2_prompt_iteration_workflow/cycle_001/main_promotion/v017b_prompt_only_main_promotion/v050_fp8_non_oracle_tiling_crop_recovery/tile_outputs/local_only_tiles/76_A_grid_0_0.jpg,False,0,1075,0,806
76,76.jpg,1300,1733,A,76_A_grid_0_1,grid_0_1,/home/williambenitez1/Capstone_worktrees/1.2_feat__qwen3-vl-8b-instruct__two-pass-refinement/docs/prompt-lab/qwen-v015-human-report-strategy/experiments/automation/human_report_challenge_v2_prompt_iteration_workflow/cycle_001/main_promotion/v017b_prompt_only_main_promotion/v050_fp8_non_oracle_tiling_crop_recovery/tile_outputs/local_only_tiles/76_A_grid_0_1.jpg,False,0,1075,494,1300
76,76.jpg,1300,1733,A,76_A_grid_1_0,grid_1_0,/home/williambenitez1/Capstone_worktrees/1.2_feat__qwen3-vl-8b-instruct__two-pass-refinement/docs/prompt-lab/qwen-v015-human-report-strategy/experiments/automation/human_report_challenge_v2_prompt_iteration_workflow/cycle_001/main_promotion/v017b_prompt_only_main_promotion/v050_fp8_non_oracle_tiling_crop_recovery/tile_outputs/local_only_tiles/76_A_grid_1_0.jpg,False,658,1733,0,806
76,76.jpg,1300,1733,A,76_A_grid_1_1,grid_1_1,/home/williambenitez1/Capstone_worktrees/1.2_feat__qwen3-vl-8b-instruct__two-pass-refinement/docs/prompt-lab/qwen-v015-human-report-strategy/experiments/automation/human_report_challenge_v2_prompt_iteration_workflow/cycle_001/main_promotion/v017b_prompt_only_main_promotion/v050_fp8_non_oracle_tiling_crop_recovery/tile_outputs/local_only_tiles/76_A_grid_1_1.jpg,False,658,1733,494,1300
76,76.jpg,1300,1733,B,76_B_middle_lower_strip,middle_lower_strip,/home/williambenitez1/Capstone_worktrees/1.2_feat__qwen3-vl-8b-instruct__two-pass-refinement/docs/prompt-lab/qwen-v015-human-report-strategy/experiments/automation/human_report_challenge_v2_prompt_iteration_workflow/cycle_001/main_promotion/v017b_prompt_only_main_promotion/v050_fp8_non_oracle_tiling_crop_recovery/tile_outputs/local_only_tiles/76_B_middle_lower_strip.jpg,False,0,1733,454,1105
76,76.jpg,1300,1733,B,76_B_lower_strip,lower_strip,/home/williambenitez1/Capstone_worktrees/1.2_feat__qwen3-vl-8b-instruct__two-pass-refinement/docs/prompt-lab/qwen-v015-human-report-strategy/experiments/automation/human_report_challenge_v2_prompt_iteration_workflow/cycle_001/main_promotion/v017b_prompt_only_main_promotion/v050_fp8_non_oracle_tiling_crop_recovery/tile_outputs/local_only_tiles/76_B_lower_strip.jpg,False,0,1733,715,1300
76,76.jpg,1300,1733,C,76_C_anchor_0,anchor_0,/home/williambenitez1/Capstone_worktrees/1.2_feat__qwen3-vl-8b-instruct__two-pass-refinement/docs/prompt-lab/qwen-v015-human-report-strategy/experiments/automation/human_report_challenge_v2_prompt_iteration_workflow/cycle_001/main_promotion/v017b_prompt_only_main_promotion/v050_fp8_non_oracle_tiling_crop_recovery/tile_outputs/local_only_tiles/76_C_anchor_0.jpg,False,567,1733,0,1300
76,76.jpg,1300,1733,C,76_C_anchor_1,anchor_1,/home/williambenitez1/Capstone_worktrees/1.2_feat__qwen3-vl-8b-instruct__two-pass-refinement/docs/prompt-lab/qwen-v015-human-report-strategy/experiments/automation/human_report_challenge_v2_prompt_iteration_workflow/cycle_001/main_promotion/v017b_prompt_only_main_promotion/v050_fp8_non_oracle_tiling_crop_recovery/tile_outputs/local_only_tiles/76_C_anchor_1.jpg,False,163,1054,216,1201
76,76.jpg,1300,1733,D,76_D_center_broad,center_broad,/home/williambenitez1/Capstone_worktrees/1.2_feat__qwen3-vl-8b-instruct__two-pass-refinement/docs/prompt-lab/qwen-v015-human-report-strategy/experiments/automation/human_report_challenge_v2_prompt_iteration_workflow/cycle_001/main_promotion/v017b_prompt_only_main_promotion/v050_fp8_non_oracle_tiling_crop_recovery/tile_outputs/local_only_tiles/76_D_center_broad.jpg,False,138,1595,104,1196
84,84.jpg,514,765,A,84_A_grid_0_0,grid_0_0,/home/williambenitez1/Capstone_worktrees/1.2_feat__qwen3-vl-8b-instruct__two-pass-refinement/docs/prompt-lab/qwen-v015-human-report-strategy/experiments/automation/human_report_challenge_v2_prompt_iteration_workflow/cycle_001/main_promotion/v017b_prompt_only_main_promotion/v050_fp8_non_oracle_tiling_crop_recovery/tile_outputs/local_only_tiles/84_A_grid_0_0.jpg,False,0,475,0,319
84,84.jpg,514,765,A,84_A_grid_0_1,grid_0_1,/home/williambenitez1/Capstone_worktrees/1.2_feat__qwen3-vl-8b-instruct__two-pass-refinement/docs/prompt-lab/qwen-v015-human-report-strategy/experiments/automation/human_report_challenge_v2_prompt_iteration_workflow/cycle_001/main_promotion/v017b_prompt_only_main_promotion/v050_fp8_non_oracle_tiling_crop_recovery/tile_outputs/local_only_tiles/84_A_grid_0_1.jpg,False,0,475,195,514
84,84.jpg,514,765,A,84_A_grid_1_0,grid_1_0,/home/williambenitez1/Capstone_worktrees/1.2_feat__qwen3-vl-8b-instruct__two-pass-refinement/docs/prompt-lab/qwen-v015-human-report-strategy/experiments/automation/human_report_challenge_v2_prompt_iteration_workflow/cycle_001/main_promotion/v017b_prompt_only_main_promotion/v050_fp8_non_oracle_tiling_crop_recovery/tile_outputs/local_only_tiles/84_A_grid_1_0.jpg,False,290,765,0,319
84,84.jpg,514,765,A,84_A_grid_1_1,grid_1_1,/home/williambenitez1/Capstone_worktrees/1.2_feat__qwen3-vl-8b-instruct__two-pass-refinement/docs/prompt-lab/qwen-v015-human-report-strategy/experiments/automation/human_report_challenge_v2_prompt_iteration_workflow/cycle_001/main_promotion/v017b_prompt_only_main_promotion/v050_fp8_non_oracle_tiling_crop_recovery/tile_outputs/local_only_tiles/84_A_grid_1_1.jpg,False,290,765,195,514
84,84.jpg,514,765,B,84_B_middle_lower_strip,middle_lower_strip,/home/williambenitez1/Capstone_worktrees/1.2_feat__qwen3-vl-8b-instruct__two-pass-refinement/docs/prompt-lab/qwen-v015-human-report-strategy/experiments/automation/human_report_challenge_v2_prompt_iteration_workflow/cycle_001/main_promotion/v017b_prompt_only_main_promotion/v050_fp8_non_oracle_tiling_crop_recovery/tile_outputs/local_only_tiles/84_B_middle_lower_strip.jpg,False,0,765,179,437
84,84.jpg,514,765,B,84_B_lower_strip,lower_strip,/home/williambenitez1/Capstone_worktrees/1.2_feat__qwen3-vl-8b-instruct__two-pass-refinement/docs/prompt-lab/qwen-v015-human-report-strategy/experiments/automation/human_report_challenge_v2_prompt_iteration_workflow/cycle_001/main_promotion/v017b_prompt_only_main_promotion/v050_fp8_non_oracle_tiling_crop_recovery/tile_outputs/local_only_tiles/84_B_lower_strip.jpg,False,0,765,282,514
84,84.jpg,514,765,C,84_C_anchor_0,anchor_0,/home/williambenitez1/Capstone_worktrees/1.2_feat__qwen3-vl-8b-instruct__two-pass-refinement/docs/prompt-lab/qwen-v015-human-report-strategy/experiments/automation/human_report_challenge_v2_prompt_iteration_workflow/cycle_001/main_promotion/v017b_prompt_only_main_promotion/v050_fp8_non_oracle_tiling_crop_recovery/tile_outputs/local_only_tiles/84_C_anchor_0.jpg,False,0,765,0,514
84,84.jpg,514,765,C,84_C_anchor_1,anchor_1,/home/williambenitez1/Capstone_worktrees/1.2_feat__qwen3-vl-8b-instruct__two-pass-refinement/docs/prompt-lab/qwen-v015-human-report-strategy/experiments/automation/human_report_challenge_v2_prompt_iteration_workflow/cycle_001/main_promotion/v017b_prompt_only_main_promotion/v050_fp8_non_oracle_tiling_crop_recovery/tile_outputs/local_only_tiles/84_C_anchor_1.jpg,False,0,645,0,462
84,84.jpg,514,765,C,84_C_anchor_2,anchor_2,/home/williambenitez1/Capstone_worktrees/1.2_feat__qwen3-vl-8b-instruct__two-pass-refinement/docs/prompt-lab/qwen-v015-human-report-strategy/experiments/automation/human_report_challenge_v2_prompt_iteration_workflow/cycle_001/main_promotion/v017b_prompt_only_main_promotion/v050_fp8_non_oracle_tiling_crop_recovery/tile_outputs/local_only_tiles/84_C_anchor_2.jpg,False,0,467,57,397
84,84.jpg,514,765,D,84_D_center_broad,center_broad,/home/williambenitez1/Capstone_worktrees/1.2_feat__qwen3-vl-8b-instruct__two-pass-refinement/docs/prompt-lab/qwen-v015-human-report-strategy/experiments/automation/human_report_challenge_v2_prompt_iteration_workflow/cycle_001/main_promotion/v017b_prompt_only_main_promotion/v050_fp8_non_oracle_tiling_crop_recovery/tile_outputs/local_only_tiles/84_D_center_broad.jpg,False,61,704,41,473
100,100.jpg,598,1078,A,100_A_grid_0_0,grid_0_0,/home/williambenitez1/Capstone_worktrees/1.2_feat__qwen3-vl-8b-instruct__two-pass-refinement/docs/prompt-lab/qwen-v015-human-report-strategy/experiments/automation/human_report_challenge_v2_prompt_iteration_workflow/cycle_001/main_promotion/v017b_prompt_only_main_promotion/v050_fp8_non_oracle_tiling_crop_recovery/tile_outputs/local_only_tiles/100_A_grid_0_0.jpg,False,0,669,0,371
100,100.jpg,598,1078,A,100_A_grid_0_1,grid_0_1,/home/williambenitez1/Capstone_worktrees/1.2_feat__qwen3-vl-8b-instruct__two-pass-refinement/docs/prompt-lab/qwen-v015-human-report-strategy/experiments/automation/human_report_challenge_v2_prompt_iteration_workflow/cycle_001/main_promotion/v017b_prompt_only_main_promotion/v050_fp8_non_oracle_tiling_crop_recovery/tile_outputs/local_only_tiles/100_A_grid_0_1.jpg,False,0,669,227,598
100,100.jpg,598,1078,A,100_A_grid_1_0,grid_1_0,/home/williambenitez1/Capstone_worktrees/1.2_feat__qwen3-vl-8b-instruct__two-pass-refinement/docs/prompt-lab/qwen-v015-human-report-strategy/experiments/automation/human_report_challenge_v2_prompt_iteration_workflow/cycle_001/main_promotion/v017b_prompt_only_main_promotion/v050_fp8_non_oracle_tiling_crop_recovery/tile_outputs/local_only_tiles/100_A_grid_1_0.jpg,False,409,1078,0,371
100,100.jpg,598,1078,A,100_A_grid_1_1,grid_1_1,/home/williambenitez1/Capstone_worktrees/1.2_feat__qwen3-vl-8b-instruct__two-pass-refinement/docs/prompt-lab/qwen-v015-human-report-strategy/experiments/automation/human_report_challenge_v2_prompt_iteration_workflow/cycle_001/main_promotion/v017b_prompt_only_main_promotion/v050_fp8_non_oracle_tiling_crop_recovery/tile_outputs/local_only_tiles/100_A_grid_1_1.jpg,False,409,1078,227,598
100,100.jpg,598,1078,B,100_B_middle_lower_strip,middle_lower_strip,/home/williambenitez1/Capstone_worktrees/1.2_feat__qwen3-vl-8b-instruct__two-pass-refinement/docs/prompt-lab/qwen-v015-human-report-strategy/experiments/automation/human_report_challenge_v2_prompt_iteration_workflow/cycle_001/main_promotion/v017b_prompt_only_main_promotion/v050_fp8_non_oracle_tiling_crop_recovery/tile_outputs/local_only_tiles/100_B_middle_lower_strip.jpg,False,0,1078,209,509
100,100.jpg,598,1078,B,100_B_lower_strip,lower_strip,/home/williambenitez1/Capstone_worktrees/1.2_feat__qwen3-vl-8b-instruct__two-pass-refinement/docs/prompt-lab/qwen-v015-human-report-strategy/experiments/automation/human_report_challenge_v2_prompt_iteration_workflow/cycle_001/main_promotion/v017b_prompt_only_main_promotion/v050_fp8_non_oracle_tiling_crop_recovery/tile_outputs/local_only_tiles/100_B_lower_strip.jpg,False,0,1078,328,598
100,100.jpg,598,1078,C,100_C_anchor_0,anchor_0,/home/williambenitez1/Capstone_worktrees/1.2_feat__qwen3-vl-8b-instruct__two-pass-refinement/docs/prompt-lab/qwen-v015-human-report-strategy/experiments/automation/human_report_challenge_v2_prompt_iteration_workflow/cycle_001/main_promotion/v017b_prompt_only_main_promotion/v050_fp8_non_oracle_tiling_crop_recovery/tile_outputs/local_only_tiles/100_C_anchor_0.jpg,False,0,1078,0,598
100,100.jpg,598,1078,C,100_C_anchor_1,anchor_1,/home/williambenitez1/Capstone_worktrees/1.2_feat__qwen3-vl-8b-instruct__two-pass-refinement/docs/prompt-lab/qwen-v015-human-report-strategy/experiments/automation/human_report_challenge_v2_prompt_iteration_workflow/cycle_001/main_promotion/v017b_prompt_only_main_promotion/v050_fp8_non_oracle_tiling_crop_recovery/tile_outputs/local_only_tiles/100_C_anchor_1.jpg,False,0,311,0,598
100,100.jpg,598,1078,D,100_D_center_broad,center_broad,/home/williambenitez1/Capstone_worktrees/1.2_feat__qwen3-vl-8b-instruct__two-pass-refinement/docs/prompt-lab/qwen-v015-human-report-strategy/experiments/automation/human_report_challenge_v2_prompt_iteration_workflow/cycle_001/main_promotion/v017b_prompt_only_main_promotion/v050_fp8_non_oracle_tiling_crop_recovery/tile_outputs/local_only_tiles/100_D_center_broad.jpg,False,86,992,47,551
102,102.jpg,750,1920,A,102_A_grid_0_0,grid_0_0,/home/williambenitez1/Capstone_worktrees/1.2_feat__qwen3-vl-8b-instruct__two-pass-refinement/docs/prompt-lab/qwen-v015-human-report-strategy/experiments/automation/human_report_challenge_v2_prompt_iteration_workflow/cycle_001/main_promotion/v017b_prompt_only_main_promotion/v050_fp8_non_oracle_tiling_crop_recovery/tile_outputs/local_only_tiles/102_A_grid_0_0.jpg,False,0,1191,0,465
102,102.jpg,750,1920,A,102_A_grid_0_1,grid_0_1,/home/williambenitez1/Capstone_worktrees/1.2_feat__qwen3-vl-8b-instruct__two-pass-refinement/docs/prompt-lab/qwen-v015-human-report-strategy/experiments/automation/human_report_challenge_v2_prompt_iteration_workflow/cycle_001/main_promotion/v017b_prompt_only_main_promotion/v050_fp8_non_oracle_tiling_crop_recovery/tile_outputs/local_only_tiles/102_A_grid_0_1.jpg,False,0,1191,285,750
102,102.jpg,750,1920,A,102_A_grid_1_0,grid_1_0,/home/williambenitez1/Capstone_worktrees/1.2_feat__qwen3-vl-8b-instruct__two-pass-refinement/docs/prompt-lab/qwen-v015-human-report-strategy/experiments/automation/human_report_challenge_v2_prompt_iteration_workflow/cycle_001/main_promotion/v017b_prompt_only_main_promotion/v050_fp8_non_oracle_tiling_crop_recovery/tile_outputs/local_only_tiles/102_A_grid_1_0.jpg,False,729,1920,0,465
102,102.jpg,750,1920,A,102_A_grid_1_1,grid_1_1,/home/williambenitez1/Capstone_worktrees/1.2_feat__qwen3-vl-8b-instruct__two-pass-refinement/docs/prompt-lab/qwen-v015-human-report-strategy/experiments/automation/human_report_challenge_v2_prompt_iteration_workflow/cycle_001/main_promotion/v017b_prompt_only_main_promotion/v050_fp8_non_oracle_tiling_crop_recovery/tile_outputs/local_only_tiles/102_A_grid_1_1.jpg,False,729,1920,285,750
102,102.jpg,750,1920,B,102_B_middle_lower_strip,middle_lower_strip,/home/williambenitez1/Capstone_worktrees/1.2_feat__qwen3-vl-8b-instruct__two-pass-refinement/docs/prompt-lab/qwen-v015-human-report-strategy/experiments/automation/human_report_challenge_v2_prompt_iteration_workflow/cycle_001/main_promotion/v017b_prompt_only_main_promotion/v050_fp8_non_oracle_tiling_crop_recovery/tile_outputs/local_only_tiles/102_B_middle_lower_strip.jpg,False,0,1920,262,638
102,102.jpg,750,1920,B,102_B_lower_strip,lower_strip,/home/williambenitez1/Capstone_worktrees/1.2_feat__qwen3-vl-8b-instruct__two-pass-refinement/docs/prompt-lab/qwen-v015-human-report-strategy/experiments/automation/human_report_challenge_v2_prompt_iteration_workflow/cycle_001/main_promotion/v017b_prompt_only_main_promotion/v050_fp8_non_oracle_tiling_crop_recovery/tile_outputs/local_only_tiles/102_B_lower_strip.jpg,False,0,1920,412,750
102,102.jpg,750,1920,C,102_C_anchor_0,anchor_0,/home/williambenitez1/Capstone_worktrees/1.2_feat__qwen3-vl-8b-instruct__two-pass-refinement/docs/prompt-lab/qwen-v015-human-report-strategy/experiments/automation/human_report_challenge_v2_prompt_iteration_workflow/cycle_001/main_promotion/v017b_prompt_only_main_promotion/v050_fp8_non_oracle_tiling_crop_recovery/tile_outputs/local_only_tiles/102_C_anchor_0.jpg,False,40,1851,0,750
102,102.jpg,750,1920,D,102_D_center_broad,center_broad,/home/williambenitez1/Capstone_worktrees/1.2_feat__qwen3-vl-8b-instruct__two-pass-refinement/docs/prompt-lab/qwen-v015-human-report-strategy/experiments/automation/human_report_challenge_v2_prompt_iteration_workflow/cycle_001/main_promotion/v017b_prompt_only_main_promotion/v050_fp8_non_oracle_tiling_crop_recovery/tile_outputs/local_only_tiles/102_D_center_broad.jpg,False,153,1767,60,690
108,108.jpg,750,1920,A,108_A_grid_0_0,grid_0_0,/home/williambenitez1/Capstone_worktrees/1.2_feat__qwen3-vl-8b-instruct__two-pass-refinement/docs/prompt-lab/qwen-v015-human-report-strategy/experiments/automation/human_report_challenge_v2_prompt_iteration_workflow/cycle_001/main_promotion/v017b_prompt_only_main_promotion/v050_fp8_non_oracle_tiling_crop_recovery/tile_outputs/local_only_tiles/108_A_grid_0_0.jpg,False,0,1191,0,465
108,108.jpg,750,1920,A,108_A_grid_0_1,grid_0_1,/home/williambenitez1/Capstone_worktrees/1.2_feat__qwen3-vl-8b-instruct__two-pass-refinement/docs/prompt-lab/qwen-v015-human-report-strategy/experiments/automation/human_report_challenge_v2_prompt_iteration_workflow/cycle_001/main_promotion/v017b_prompt_only_main_promotion/v050_fp8_non_oracle_tiling_crop_recovery/tile_outputs/local_only_tiles/108_A_grid_0_1.jpg,False,0,1191,285,750
108,108.jpg,750,1920,A,108_A_grid_1_0,grid_1_0,/home/williambenitez1/Capstone_worktrees/1.2_feat__qwen3-vl-8b-instruct__two-pass-refinement/docs/prompt-lab/qwen-v015-human-report-strategy/experiments/automation/human_report_challenge_v2_prompt_iteration_workflow/cycle_001/main_promotion/v017b_prompt_only_main_promotion/v050_fp8_non_oracle_tiling_crop_recovery/tile_outputs/local_only_tiles/108_A_grid_1_0.jpg,False,729,1920,0,465
108,108.jpg,750,1920,A,108_A_grid_1_1,grid_1_1,/home/williambenitez1/Capstone_worktrees/1.2_feat__qwen3-vl-8b-instruct__two-pass-refinement/docs/prompt-lab/qwen-v015-human-report-strategy/experiments/automation/human_report_challenge_v2_prompt_iteration_workflow/cycle_001/main_promotion/v017b_prompt_only_main_promotion/v050_fp8_non_oracle_tiling_crop_recovery/tile_outputs/local_only_tiles/108_A_grid_1_1.jpg,False,729,1920,285,750
108,108.jpg,750,1920,B,108_B_middle_lower_strip,middle_lower_strip,/home/williambenitez1/Capstone_worktrees/1.2_feat__qwen3-vl-8b-instruct__two-pass-refinement/docs/prompt-lab/qwen-v015-human-report-strategy/experiments/automation/human_report_challenge_v2_prompt_iteration_workflow/cycle_001/main_promotion/v017b_prompt_only_main_promotion/v050_fp8_non_oracle_tiling_crop_recovery/tile_outputs/local_only_tiles/108_B_middle_lower_strip.jpg,False,0,1920,262,638
108,108.jpg,750,1920,B,108_B_lower_strip,lower_strip,/home/williambenitez1/Capstone_worktrees/1.2_feat__qwen3-vl-8b-instruct__two-pass-refinement/docs/prompt-lab/qwen-v015-human-report-strategy/experiments/automation/human_report_challenge_v2_prompt_iteration_workflow/cycle_001/main_promotion/v017b_prompt_only_main_promotion/v050_fp8_non_oracle_tiling_crop_recovery/tile_outputs/local_only_tiles/108_B_lower_strip.jpg,False,0,1920,412,750
108,108.jpg,750,1920,C,108_C_anchor_0,anchor_0,/home/williambenitez1/Capstone_worktrees/1.2_feat__qwen3-vl-8b-instruct__two-pass-refinement/docs/prompt-lab/qwen-v015-human-report-strategy/experiments/automation/human_report_challenge_v2_prompt_iteration_workflow/cycle_001/main_promotion/v017b_prompt_only_main_promotion/v050_fp8_non_oracle_tiling_crop_recovery/tile_outputs/local_only_tiles/108_C_anchor_0.jpg,False,0,1920,0,605
108,108.jpg,750,1920,D,108_D_center_broad,center_broad,/home/williambenitez1/Capstone_worktrees/1.2_feat__qwen3-vl-8b-instruct__two-pass-refinement/docs/prompt-lab/qwen-v015-human-report-strategy/experiments/automation/human_report_challenge_v2_prompt_iteration_workflow/cycle_001/main_promotion/v017b_prompt_only_main_promotion/v050_fp8_non_oracle_tiling_crop_recovery/tile_outputs/local_only_tiles/108_D_center_broad.jpg,False,153,1767,60,690
110,110.jpg,208,312,A,110_A_grid_0_0,grid_0_0,/home/williambenitez1/Capstone_worktrees/1.2_feat__qwen3-vl-8b-instruct__two-pass-refinement/docs/prompt-lab/qwen-v015-human-report-strategy/experiments/automation/human_report_challenge_v2_prompt_iteration_workflow/cycle_001/main_promotion/v017b_prompt_only_main_promotion/v050_fp8_non_oracle_tiling_crop_recovery/tile_outputs/local_only_tiles/110_A_grid_0_0.jpg,False,0,194,0,129
110,110.jpg,208,312,A,110_A_grid_0_1,grid_0_1,/home/williambenitez1/Capstone_worktrees/1.2_feat__qwen3-vl-8b-instruct__two-pass-refinement/docs/prompt-lab/qwen-v015-human-report-strategy/experiments/automation/human_report_challenge_v2_prompt_iteration_workflow/cycle_001/main_promotion/v017b_prompt_only_main_promotion/v050_fp8_non_oracle_tiling_crop_recovery/tile_outputs/local_only_tiles/110_A_grid_0_1.jpg,False,0,194,79,208
110,110.jpg,208,312,A,110_A_grid_1_0,grid_1_0,/home/williambenitez1/Capstone_worktrees/1.2_feat__qwen3-vl-8b-instruct__two-pass-refinement/docs/prompt-lab/qwen-v015-human-report-strategy/experiments/automation/human_report_challenge_v2_prompt_iteration_workflow/cycle_001/main_promotion/v017b_prompt_only_main_promotion/v050_fp8_non_oracle_tiling_crop_recovery/tile_outputs/local_only_tiles/110_A_grid_1_0.jpg,False,118,312,0,129
110,110.jpg,208,312,A,110_A_grid_1_1,grid_1_1,/home/williambenitez1/Capstone_worktrees/1.2_feat__qwen3-vl-8b-instruct__two-pass-refinement/docs/prompt-lab/qwen-v015-human-report-strategy/experiments/automation/human_report_challenge_v2_prompt_iteration_workflow/cycle_001/main_promotion/v017b_prompt_only_main_promotion/v050_fp8_non_oracle_tiling_crop_recovery/tile_outputs/local_only_tiles/110_A_grid_1_1.jpg,False,118,312,79,208
110,110.jpg,208,312,B,110_B_middle_lower_strip,middle_lower_strip,/home/williambenitez1/Capstone_worktrees/1.2_feat__qwen3-vl-8b-instruct__two-pass-refinement/docs/prompt-lab/qwen-v015-human-report-strategy/experiments/automation/human_report_challenge_v2_prompt_iteration_workflow/cycle_001/main_promotion/v017b_prompt_only_main_promotion/v050_fp8_non_oracle_tiling_crop_recovery/tile_outputs/local_only_tiles/110_B_middle_lower_strip.jpg,False,0,312,72,177
110,110.jpg,208,312,B,110_B_lower_strip,lower_strip,/home/williambenitez1/Capstone_worktrees/1.2_feat__qwen3-vl-8b-instruct__two-pass-refinement/docs/prompt-lab/qwen-v015-human-report-strategy/experiments/automation/human_report_challenge_v2_prompt_iteration_workflow/cycle_001/main_promotion/v017b_prompt_only_main_promotion/v050_fp8_non_oracle_tiling_crop_recovery/tile_outputs/local_only_tiles/110_B_lower_strip.jpg,False,0,312,114,208
110,110.jpg,208,312,C,110_C_anchor_0,anchor_0,/home/williambenitez1/Capstone_worktrees/1.2_feat__qwen3-vl-8b-instruct__two-pass-refinement/docs/prompt-lab/qwen-v015-human-report-strategy/experiments/automation/human_report_challenge_v2_prompt_iteration_workflow/cycle_001/main_promotion/v017b_prompt_only_main_promotion/v050_fp8_non_oracle_tiling_crop_recovery/tile_outputs/local_only_tiles/110_C_anchor_0.jpg,False,100,312,0,208
110,110.jpg,208,312,C,110_C_anchor_1,anchor_1,/home/williambenitez1/Capstone_worktrees/1.2_feat__qwen3-vl-8b-instruct__two-pass-refinement/docs/prompt-lab/qwen-v015-human-report-strategy/experiments/automation/human_report_challenge_v2_prompt_iteration_workflow/cycle_001/main_promotion/v017b_prompt_only_main_promotion/v050_fp8_non_oracle_tiling_crop_recovery/tile_outputs/local_only_tiles/110_C_anchor_1.jpg,False,96,217,14,189
110,110.jpg,208,312,C,110_C_anchor_2,anchor_2,/home/williambenitez1/Capstone_worktrees/1.2_feat__qwen3-vl-8b-instruct__two-pass-refinement/docs/prompt-lab/qwen-v015-human-report-strategy/experiments/automation/human_report_challenge_v2_prompt_iteration_workflow/cycle_001/main_promotion/v017b_prompt_only_main_promotion/v050_fp8_non_oracle_tiling_crop_recovery/tile_outputs/local_only_tiles/110_C_anchor_2.jpg,False,81,186,20,136
110,110.jpg,208,312,D,110_D_center_broad,center_broad,/home/williambenitez1/Capstone_worktrees/1.2_feat__qwen3-vl-8b-instruct__two-pass-refinement/docs/prompt-lab/qwen-v015-human-report-strategy/experiments/automation/human_report_challenge_v2_prompt_iteration_workflow/cycle_001/main_promotion/v017b_prompt_only_main_promotion/v050_fp8_non_oracle_tiling_crop_recovery/tile_outputs/local_only_tiles/110_D_center_broad.jpg,False,24,288,16,192
155,155.jpg,401,612,A,155_A_grid_0_0,grid_0_0,/home/williambenitez1/Capstone_worktrees/1.2_feat__qwen3-vl-8b-instruct__two-pass-refinement/docs/prompt-lab/qwen-v015-human-report-strategy/experiments/automation/human_report_challenge_v2_prompt_iteration_workflow/cycle_001/main_promotion/v017b_prompt_only_main_promotion/v050_fp8_non_oracle_tiling_crop_recovery/tile_outputs/local_only_tiles/155_A_grid_0_0.jpg,False,0,380,0,249
155,155.jpg,401,612,A,155_A_grid_0_1,grid_0_1,/home/williambenitez1/Capstone_worktrees/1.2_feat__qwen3-vl-8b-instruct__two-pass-refinement/docs/prompt-lab/qwen-v015-human-report-strategy/experiments/automation/human_report_challenge_v2_prompt_iteration_workflow/cycle_001/main_promotion/v017b_prompt_only_main_promotion/v050_fp8_non_oracle_tiling_crop_recovery/tile_outputs/local_only_tiles/155_A_grid_0_1.jpg,False,0,380,152,401
155,155.jpg,401,612,A,155_A_grid_1_0,grid_1_0,/home/williambenitez1/Capstone_worktrees/1.2_feat__qwen3-vl-8b-instruct__two-pass-refinement/docs/prompt-lab/qwen-v015-human-report-strategy/experiments/automation/human_report_challenge_v2_prompt_iteration_workflow/cycle_001/main_promotion/v017b_prompt_only_main_promotion/v050_fp8_non_oracle_tiling_crop_recovery/tile_outputs/local_only_tiles/155_A_grid_1_0.jpg,False,232,612,0,249
155,155.jpg,401,612,A,155_A_grid_1_1,grid_1_1,/home/williambenitez1/Capstone_worktrees/1.2_feat__qwen3-vl-8b-instruct__two-pass-refinement/docs/prompt-lab/qwen-v015-human-report-strategy/experiments/automation/human_report_challenge_v2_prompt_iteration_workflow/cycle_001/main_promotion/v017b_prompt_only_main_promotion/v050_fp8_non_oracle_tiling_crop_recovery/tile_outputs/local_only_tiles/155_A_grid_1_1.jpg,False,232,612,152,401
155,155.jpg,401,612,B,155_B_middle_lower_strip,middle_lower_strip,/home/williambenitez1/Capstone_worktrees/1.2_feat__qwen3-vl-8b-instruct__two-pass-refinement/docs/prompt-lab/qwen-v015-human-report-strategy/experiments/automation/human_report_challenge_v2_prompt_iteration_workflow/cycle_001/main_promotion/v017b_prompt_only_main_promotion/v050_fp8_non_oracle_tiling_crop_recovery/tile_outputs/local_only_tiles/155_B_middle_lower_strip.jpg,False,0,612,140,341
155,155.jpg,401,612,B,155_B_lower_strip,lower_strip,/home/williambenitez1/Capstone_worktrees/1.2_feat__qwen3-vl-8b-instruct__two-pass-refinement/docs/prompt-lab/qwen-v015-human-report-strategy/experiments/automation/human_report_challenge_v2_prompt_iteration_workflow/cycle_001/main_promotion/v017b_prompt_only_main_promotion/v050_fp8_non_oracle_tiling_crop_recovery/tile_outputs/local_only_tiles/155_B_lower_strip.jpg,False,0,612,220,401
155,155.jpg,401,612,C,155_C_anchor_0,anchor_0,/home/williambenitez1/Capstone_worktrees/1.2_feat__qwen3-vl-8b-instruct__two-pass-refinement/docs/prompt-lab/qwen-v015-human-report-strategy/experiments/automation/human_report_challenge_v2_prompt_iteration_workflow/cycle_001/main_promotion/v017b_prompt_only_main_promotion/v050_fp8_non_oracle_tiling_crop_recovery/tile_outputs/local_only_tiles/155_C_anchor_0.jpg,False,0,612,0,401
155,155.jpg,401,612,C,155_C_anchor_1,anchor_1,/home/williambenitez1/Capstone_worktrees/1.2_feat__qwen3-vl-8b-instruct__two-pass-refinement/docs/prompt-lab/qwen-v015-human-report-strategy/experiments/automation/human_report_challenge_v2_prompt_iteration_workflow/cycle_001/main_promotion/v017b_prompt_only_main_promotion/v050_fp8_non_oracle_tiling_crop_recovery/tile_outputs/local_only_tiles/155_C_anchor_1.jpg,False,0,237,43,226
155,155.jpg,401,612,D,155_D_center_broad,center_broad,/home/williambenitez1/Capstone_worktrees/1.2_feat__qwen3-vl-8b-instruct__two-pass-refinement/docs/prompt-lab/qwen-v015-human-report-strategy/experiments/automation/human_report_challenge_v2_prompt_iteration_workflow/cycle_001/main_promotion/v017b_prompt_only_main_promotion/v050_fp8_non_oracle_tiling_crop_recovery/tile_outputs/local_only_tiles/155_D_center_broad.jpg,False,48,564,32,369
166,166.jpg,627,1200,A,166_A_grid_0_0,grid_0_0,/home/williambenitez1/Capstone_worktrees/1.2_feat__qwen3-vl-8b-instruct__two-pass-refinement/docs/prompt-lab/qwen-v015-human-report-strategy/experiments/automation/human_report_challenge_v2_prompt_iteration_workflow/cycle_001/main_promotion/v017b_prompt_only_main_promotion/v050_fp8_non_oracle_tiling_crop_recovery/tile_outputs/local_only_tiles/166_A_grid_0_0.jpg,False,0,744,0,389
166,166.jpg,627,1200,A,166_A_grid_0_1,grid_0_1,/home/williambenitez1/Capstone_worktrees/1.2_feat__qwen3-vl-8b-instruct__two-pass-refinement/docs/prompt-lab/qwen-v015-human-report-strategy/experiments/automation/human_report_challenge_v2_prompt_iteration_workflow/cycle_001/main_promotion/v017b_prompt_only_main_promotion/v050_fp8_non_oracle_tiling_crop_recovery/tile_outputs/local_only_tiles/166_A_grid_0_1.jpg,False,0,744,238,627
166,166.jpg,627,1200,A,166_A_grid_1_0,grid_1_0,/home/williambenitez1/Capstone_worktrees/1.2_feat__qwen3-vl-8b-instruct__two-pass-refinement/docs/prompt-lab/qwen-v015-human-report-strategy/experiments/automation/human_report_challenge_v2_prompt_iteration_workflow/cycle_001/main_promotion/v017b_prompt_only_main_promotion/v050_fp8_non_oracle_tiling_crop_recovery/tile_outputs/local_only_tiles/166_A_grid_1_0.jpg,False,456,1200,0,389
166,166.jpg,627,1200,A,166_A_grid_1_1,grid_1_1,/home/williambenitez1/Capstone_worktrees/1.2_feat__qwen3-vl-8b-instruct__two-pass-refinement/docs/prompt-lab/qwen-v015-human-report-strategy/experiments/automation/human_report_challenge_v2_prompt_iteration_workflow/cycle_001/main_promotion/v017b_prompt_only_main_promotion/v050_fp8_non_oracle_tiling_crop_recovery/tile_outputs/local_only_tiles/166_A_grid_1_1.jpg,False,456,1200,238,627
166,166.jpg,627,1200,B,166_B_middle_lower_strip,middle_lower_strip,/home/williambenitez1/Capstone_worktrees/1.2_feat__qwen3-vl-8b-instruct__two-pass-refinement/docs/prompt-lab/qwen-v015-human-report-strategy/experiments/automation/human_report_challenge_v2_prompt_iteration_workflow/cycle_001/main_promotion/v017b_prompt_only_main_promotion/v050_fp8_non_oracle_tiling_crop_recovery/tile_outputs/local_only_tiles/166_B_middle_lower_strip.jpg,False,0,1200,219,533
166,166.jpg,627,1200,B,166_B_lower_strip,lower_strip,/home/williambenitez1/Capstone_worktrees/1.2_feat__qwen3-vl-8b-instruct__two-pass-refinement/docs/prompt-lab/qwen-v015-human-report-strategy/experiments/automation/human_report_challenge_v2_prompt_iteration_workflow/cycle_001/main_promotion/v017b_prompt_only_main_promotion/v050_fp8_non_oracle_tiling_crop_recovery/tile_outputs/local_only_tiles/166_B_lower_strip.jpg,False,0,1200,344,627
166,166.jpg,627,1200,C,166_C_anchor_0,anchor_0,/home/williambenitez1/Capstone_worktrees/1.2_feat__qwen3-vl-8b-instruct__two-pass-refinement/docs/prompt-lab/qwen-v015-human-report-strategy/experiments/automation/human_report_challenge_v2_prompt_iteration_workflow/cycle_001/main_promotion/v017b_prompt_only_main_promotion/v050_fp8_non_oracle_tiling_crop_recovery/tile_outputs/local_only_tiles/166_C_anchor_0.jpg,False,142,1029,0,627
166,166.jpg,627,1200,D,166_D_center_broad,center_broad,/home/williambenitez1/Capstone_worktrees/1.2_feat__qwen3-vl-8b-instruct__two-pass-refinement/docs/prompt-lab/qwen-v015-human-report-strategy/experiments/automation/human_report_challenge_v2_prompt_iteration_workflow/cycle_001/main_promotion/v017b_prompt_only_main_promotion/v050_fp8_non_oracle_tiling_crop_recovery/tile_outputs/local_only_tiles/166_D_center_broad.jpg,False,96,1104,50,577
