rule_id,containment_threshold,iou_threshold,area_ratio_threshold,center_inside_required,same_label_required,only_suppress_if_larger_matched,matches,false_negatives,false_positives,combined_errors,removed_count,safe,safety_reasons,case_66,case_67,case_84,case_97,case_110,case_155,case_166
r001,0.7,0.1,0.05,True,True,True,181,38,25,63,0,True,,8/0/5,10/1/3,8/5/0,1/0/1,3/4/1,2/0/1,1/0/0
r002,0.7,0.1,0.05,True,True,False,181,38,25,63,0,True,,8/0/5,10/1/3,8/5/0,1/0/1,3/4/1,2/0/1,1/0/0
r003,0.7,0.1,0.05,True,False,True,181,38,25,63,0,True,,8/0/5,10/1/3,8/5/0,1/0/1,3/4/1,2/0/1,1/0/0
r004,0.7,0.1,0.05,True,False,False,181,38,25,63,0,True,,8/0/5,10/1/3,8/5/0,1/0/1,3/4/1,2/0/1,1/0/0
r005,0.7,0.1,0.05,False,True,True,181,38,25,63,0,True,,8/0/5,10/1/3,8/5/0,1/0/1,3/4/1,2/0/1,1/0/0
r006,0.7,0.1,0.05,False,True,False,181,38,25,63,0,True,,8/0/5,10/1/3,8/5/0,1/0/1,3/4/1,2/0/1,1/0/0
r007,0.7,0.1,0.05,False,False,True,181,38,25,63,0,True,,8/0/5,10/1/3,8/5/0,1/0/1,3/4/1,2/0/1,1/0/0
r008,0.7,0.1,0.05,False,False,False,181,38,25,63,0,True,,8/0/5,10/1/3,8/5/0,1/0/1,3/4/1,2/0/1,1/0/0
r009,0.7,0.1,0.1,True,True,True,181,38,25,63,0,True,,8/0/5,10/1/3,8/5/0,1/0/1,3/4/1,2/0/1,1/0/0
r010,0.7,0.1,0.1,True,True,False,181,38,25,63,0,True,,8/0/5,10/1/3,8/5/0,1/0/1,3/4/1,2/0/1,1/0/0
r011,0.7,0.1,0.1,True,False,True,181,38,25,63,0,True,,8/0/5,10/1/3,8/5/0,1/0/1,3/4/1,2/0/1,1/0/0
r012,0.7,0.1,0.1,True,False,False,181,38,25,63,0,True,,8/0/5,10/1/3,8/5/0,1/0/1,3/4/1,2/0/1,1/0/0
r013,0.7,0.1,0.1,False,True,True,181,38,25,63,0,True,,8/0/5,10/1/3,8/5/0,1/0/1,3/4/1,2/0/1,1/0/0
r014,0.7,0.1,0.1,False,True,False,181,38,25,63,0,True,,8/0/5,10/1/3,8/5/0,1/0/1,3/4/1,2/0/1,1/0/0
r015,0.7,0.1,0.1,False,False,True,181,38,25,63,0,True,,8/0/5,10/1/3,8/5/0,1/0/1,3/4/1,2/0/1,1/0/0
r016,0.7,0.1,0.1,False,False,False,181,38,25,63,0,True,,8/0/5,10/1/3,8/5/0,1/0/1,3/4/1,2/0/1,1/0/0
r017,0.7,0.1,0.2,True,True,True,181,38,25,63,0,True,,8/0/5,10/1/3,8/5/0,1/0/1,3/4/1,2/0/1,1/0/0
r018,0.7,0.1,0.2,True,True,False,181,38,25,63,0,True,,8/0/5,10/1/3,8/5/0,1/0/1,3/4/1,2/0/1,1/0/0
r019,0.7,0.1,0.2,True,False,True,181,38,25,63,0,True,,8/0/5,10/1/3,8/5/0,1/0/1,3/4/1,2/0/1,1/0/0
r020,0.7,0.1,0.2,True,False,False,181,38,25,63,0,True,,8/0/5,10/1/3,8/5/0,1/0/1,3/4/1,2/0/1,1/0/0
r021,0.7,0.1,0.2,False,True,True,181,38,25,63,0,True,,8/0/5,10/1/3,8/5/0,1/0/1,3/4/1,2/0/1,1/0/0
r022,0.7,0.1,0.2,False,True,False,181,38,25,63,0,True,,8/0/5,10/1/3,8/5/0,1/0/1,3/4/1,2/0/1,1/0/0
r023,0.7,0.1,0.2,False,False,True,181,38,25,63,0,True,,8/0/5,10/1/3,8/5/0,1/0/1,3/4/1,2/0/1,1/0/0
r024,0.7,0.1,0.2,False,False,False,181,38,25,63,0,True,,8/0/5,10/1/3,8/5/0,1/0/1,3/4/1,2/0/1,1/0/0
r025,0.7,0.1,0.3,True,True,True,181,38,25,63,0,True,,8/0/5,10/1/3,8/5/0,1/0/1,3/4/1,2/0/1,1/0/0
r026,0.7,0.1,0.3,True,True,False,181,38,25,63,0,True,,8/0/5,10/1/3,8/5/0,1/0/1,3/4/1,2/0/1,1/0/0
r027,0.7,0.1,0.3,True,False,True,181,38,25,63,0,True,,8/0/5,10/1/3,8/5/0,1/0/1,3/4/1,2/0/1,1/0/0
r028,0.7,0.1,0.3,True,False,False,181,38,25,63,0,True,,8/0/5,10/1/3,8/5/0,1/0/1,3/4/1,2/0/1,1/0/0
r029,0.7,0.1,0.3,False,True,True,181,38,25,63,0,True,,8/0/5,10/1/3,8/5/0,1/0/1,3/4/1,2/0/1,1/0/0
r030,0.7,0.1,0.3,False,True,False,181,38,25,63,0,True,,8/0/5,10/1/3,8/5/0,1/0/1,3/4/1,2/0/1,1/0/0
r031,0.7,0.1,0.3,False,False,True,181,38,25,63,0,True,,8/0/5,10/1/3,8/5/0,1/0/1,3/4/1,2/0/1,1/0/0
r032,0.7,0.1,0.3,False,False,False,181,38,25,63,0,True,,8/0/5,10/1/3,8/5/0,1/0/1,3/4/1,2/0/1,1/0/0
r033,0.7,0.2,0.05,True,True,True,181,38,25,63,0,True,,8/0/5,10/1/3,8/5/0,1/0/1,3/4/1,2/0/1,1/0/0
r034,0.7,0.2,0.05,True,True,False,181,38,25,63,0,True,,8/0/5,10/1/3,8/5/0,1/0/1,3/4/1,2/0/1,1/0/0
r035,0.7,0.2,0.05,True,False,True,181,38,25,63,0,True,,8/0/5,10/1/3,8/5/0,1/0/1,3/4/1,2/0/1,1/0/0
r036,0.7,0.2,0.05,True,False,False,181,38,25,63,0,True,,8/0/5,10/1/3,8/5/0,1/0/1,3/4/1,2/0/1,1/0/0
r037,0.7,0.2,0.05,False,True,True,181,38,25,63,0,True,,8/0/5,10/1/3,8/5/0,1/0/1,3/4/1,2/0/1,1/0/0
r038,0.7,0.2,0.05,False,True,False,181,38,25,63,0,True,,8/0/5,10/1/3,8/5/0,1/0/1,3/4/1,2/0/1,1/0/0
r039,0.7,0.2,0.05,False,False,True,181,38,25,63,0,True,,8/0/5,10/1/3,8/5/0,1/0/1,3/4/1,2/0/1,1/0/0
r040,0.7,0.2,0.05,False,False,False,181,38,25,63,0,True,,8/0/5,10/1/3,8/5/0,1/0/1,3/4/1,2/0/1,1/0/0
r041,0.7,0.2,0.1,True,True,True,181,38,25,63,0,True,,8/0/5,10/1/3,8/5/0,1/0/1,3/4/1,2/0/1,1/0/0
r042,0.7,0.2,0.1,True,True,False,181,38,25,63,0,True,,8/0/5,10/1/3,8/5/0,1/0/1,3/4/1,2/0/1,1/0/0
r043,0.7,0.2,0.1,True,False,True,181,38,25,63,0,True,,8/0/5,10/1/3,8/5/0,1/0/1,3/4/1,2/0/1,1/0/0
r044,0.7,0.2,0.1,True,False,False,181,38,25,63,0,True,,8/0/5,10/1/3,8/5/0,1/0/1,3/4/1,2/0/1,1/0/0
r045,0.7,0.2,0.1,False,True,True,181,38,25,63,0,True,,8/0/5,10/1/3,8/5/0,1/0/1,3/4/1,2/0/1,1/0/0
r046,0.7,0.2,0.1,False,True,False,181,38,25,63,0,True,,8/0/5,10/1/3,8/5/0,1/0/1,3/4/1,2/0/1,1/0/0
r047,0.7,0.2,0.1,False,False,True,181,38,25,63,0,True,,8/0/5,10/1/3,8/5/0,1/0/1,3/4/1,2/0/1,1/0/0
r048,0.7,0.2,0.1,False,False,False,181,38,25,63,0,True,,8/0/5,10/1/3,8/5/0,1/0/1,3/4/1,2/0/1,1/0/0
r049,0.7,0.2,0.2,True,True,True,181,38,25,63,0,True,,8/0/5,10/1/3,8/5/0,1/0/1,3/4/1,2/0/1,1/0/0
r050,0.7,0.2,0.2,True,True,False,181,38,25,63,0,True,,8/0/5,10/1/3,8/5/0,1/0/1,3/4/1,2/0/1,1/0/0
r051,0.7,0.2,0.2,True,False,True,181,38,25,63,0,True,,8/0/5,10/1/3,8/5/0,1/0/1,3/4/1,2/0/1,1/0/0
r052,0.7,0.2,0.2,True,False,False,181,38,25,63,0,True,,8/0/5,10/1/3,8/5/0,1/0/1,3/4/1,2/0/1,1/0/0
r053,0.7,0.2,0.2,False,True,True,181,38,25,63,0,True,,8/0/5,10/1/3,8/5/0,1/0/1,3/4/1,2/0/1,1/0/0
r054,0.7,0.2,0.2,False,True,False,181,38,25,63,0,True,,8/0/5,10/1/3,8/5/0,1/0/1,3/4/1,2/0/1,1/0/0
r055,0.7,0.2,0.2,False,False,True,181,38,25,63,0,True,,8/0/5,10/1/3,8/5/0,1/0/1,3/4/1,2/0/1,1/0/0
r056,0.7,0.2,0.2,False,False,False,181,38,25,63,0,True,,8/0/5,10/1/3,8/5/0,1/0/1,3/4/1,2/0/1,1/0/0
r057,0.7,0.2,0.3,True,True,True,181,38,25,63,0,True,,8/0/5,10/1/3,8/5/0,1/0/1,3/4/1,2/0/1,1/0/0
r058,0.7,0.2,0.3,True,True,False,181,38,25,63,0,True,,8/0/5,10/1/3,8/5/0,1/0/1,3/4/1,2/0/1,1/0/0
r059,0.7,0.2,0.3,True,False,True,181,38,25,63,0,True,,8/0/5,10/1/3,8/5/0,1/0/1,3/4/1,2/0/1,1/0/0
r060,0.7,0.2,0.3,True,False,False,181,38,25,63,0,True,,8/0/5,10/1/3,8/5/0,1/0/1,3/4/1,2/0/1,1/0/0
r061,0.7,0.2,0.3,False,True,True,181,38,25,63,0,True,,8/0/5,10/1/3,8/5/0,1/0/1,3/4/1,2/0/1,1/0/0
r062,0.7,0.2,0.3,False,True,False,181,38,25,63,0,True,,8/0/5,10/1/3,8/5/0,1/0/1,3/4/1,2/0/1,1/0/0
r063,0.7,0.2,0.3,False,False,True,181,38,25,63,0,True,,8/0/5,10/1/3,8/5/0,1/0/1,3/4/1,2/0/1,1/0/0
r064,0.7,0.2,0.3,False,False,False,181,38,25,63,0,True,,8/0/5,10/1/3,8/5/0,1/0/1,3/4/1,2/0/1,1/0/0
r065,0.7,0.3,0.05,True,True,True,181,38,25,63,0,True,,8/0/5,10/1/3,8/5/0,1/0/1,3/4/1,2/0/1,1/0/0
r066,0.7,0.3,0.05,True,True,False,181,38,25,63,0,True,,8/0/5,10/1/3,8/5/0,1/0/1,3/4/1,2/0/1,1/0/0
r067,0.7,0.3,0.05,True,False,True,181,38,25,63,0,True,,8/0/5,10/1/3,8/5/0,1/0/1,3/4/1,2/0/1,1/0/0
r068,0.7,0.3,0.05,True,False,False,181,38,25,63,0,True,,8/0/5,10/1/3,8/5/0,1/0/1,3/4/1,2/0/1,1/0/0
r069,0.7,0.3,0.05,False,True,True,181,38,25,63,0,True,,8/0/5,10/1/3,8/5/0,1/0/1,3/4/1,2/0/1,1/0/0
r070,0.7,0.3,0.05,False,True,False,181,38,25,63,0,True,,8/0/5,10/1/3,8/5/0,1/0/1,3/4/1,2/0/1,1/0/0
r071,0.7,0.3,0.05,False,False,True,181,38,25,63,0,True,,8/0/5,10/1/3,8/5/0,1/0/1,3/4/1,2/0/1,1/0/0
r072,0.7,0.3,0.05,False,False,False,181,38,25,63,0,True,,8/0/5,10/1/3,8/5/0,1/0/1,3/4/1,2/0/1,1/0/0
r073,0.7,0.3,0.1,True,True,True,181,38,25,63,0,True,,8/0/5,10/1/3,8/5/0,1/0/1,3/4/1,2/0/1,1/0/0
r074,0.7,0.3,0.1,True,True,False,181,38,25,63,0,True,,8/0/5,10/1/3,8/5/0,1/0/1,3/4/1,2/0/1,1/0/0
r075,0.7,0.3,0.1,True,False,True,181,38,25,63,0,True,,8/0/5,10/1/3,8/5/0,1/0/1,3/4/1,2/0/1,1/0/0
r076,0.7,0.3,0.1,True,False,False,181,38,25,63,0,True,,8/0/5,10/1/3,8/5/0,1/0/1,3/4/1,2/0/1,1/0/0
r077,0.7,0.3,0.1,False,True,True,181,38,25,63,0,True,,8/0/5,10/1/3,8/5/0,1/0/1,3/4/1,2/0/1,1/0/0
r078,0.7,0.3,0.1,False,True,False,181,38,25,63,0,True,,8/0/5,10/1/3,8/5/0,1/0/1,3/4/1,2/0/1,1/0/0
r079,0.7,0.3,0.1,False,False,True,181,38,25,63,0,True,,8/0/5,10/1/3,8/5/0,1/0/1,3/4/1,2/0/1,1/0/0
r080,0.7,0.3,0.1,False,False,False,181,38,25,63,0,True,,8/0/5,10/1/3,8/5/0,1/0/1,3/4/1,2/0/1,1/0/0
r081,0.7,0.3,0.2,True,True,True,181,38,25,63,0,True,,8/0/5,10/1/3,8/5/0,1/0/1,3/4/1,2/0/1,1/0/0
r082,0.7,0.3,0.2,True,True,False,181,38,25,63,0,True,,8/0/5,10/1/3,8/5/0,1/0/1,3/4/1,2/0/1,1/0/0
r083,0.7,0.3,0.2,True,False,True,181,38,25,63,0,True,,8/0/5,10/1/3,8/5/0,1/0/1,3/4/1,2/0/1,1/0/0
r084,0.7,0.3,0.2,True,False,False,181,38,25,63,0,True,,8/0/5,10/1/3,8/5/0,1/0/1,3/4/1,2/0/1,1/0/0
r085,0.7,0.3,0.2,False,True,True,181,38,25,63,0,True,,8/0/5,10/1/3,8/5/0,1/0/1,3/4/1,2/0/1,1/0/0
r086,0.7,0.3,0.2,False,True,False,181,38,25,63,0,True,,8/0/5,10/1/3,8/5/0,1/0/1,3/4/1,2/0/1,1/0/0
r087,0.7,0.3,0.2,False,False,True,181,38,25,63,0,True,,8/0/5,10/1/3,8/5/0,1/0/1,3/4/1,2/0/1,1/0/0
r088,0.7,0.3,0.2,False,False,False,181,38,25,63,0,True,,8/0/5,10/1/3,8/5/0,1/0/1,3/4/1,2/0/1,1/0/0
r089,0.7,0.3,0.3,True,True,True,181,38,25,63,0,True,,8/0/5,10/1/3,8/5/0,1/0/1,3/4/1,2/0/1,1/0/0
r090,0.7,0.3,0.3,True,True,False,181,38,25,63,0,True,,8/0/5,10/1/3,8/5/0,1/0/1,3/4/1,2/0/1,1/0/0
r091,0.7,0.3,0.3,True,False,True,181,38,25,63,0,True,,8/0/5,10/1/3,8/5/0,1/0/1,3/4/1,2/0/1,1/0/0
r092,0.7,0.3,0.3,True,False,False,181,38,25,63,0,True,,8/0/5,10/1/3,8/5/0,1/0/1,3/4/1,2/0/1,1/0/0
r093,0.7,0.3,0.3,False,True,True,181,38,25,63,0,True,,8/0/5,10/1/3,8/5/0,1/0/1,3/4/1,2/0/1,1/0/0
r094,0.7,0.3,0.3,False,True,False,181,38,25,63,0,True,,8/0/5,10/1/3,8/5/0,1/0/1,3/4/1,2/0/1,1/0/0
r095,0.7,0.3,0.3,False,False,True,181,38,25,63,0,True,,8/0/5,10/1/3,8/5/0,1/0/1,3/4/1,2/0/1,1/0/0
r096,0.7,0.3,0.3,False,False,False,181,38,25,63,0,True,,8/0/5,10/1/3,8/5/0,1/0/1,3/4/1,2/0/1,1/0/0
r097,0.7,0.5,0.05,True,True,True,181,38,25,63,0,True,,8/0/5,10/1/3,8/5/0,1/0/1,3/4/1,2/0/1,1/0/0
r098,0.7,0.5,0.05,True,True,False,181,38,25,63,0,True,,8/0/5,10/1/3,8/5/0,1/0/1,3/4/1,2/0/1,1/0/0
r099,0.7,0.5,0.05,True,False,True,181,38,25,63,0,True,,8/0/5,10/1/3,8/5/0,1/0/1,3/4/1,2/0/1,1/0/0
r100,0.7,0.5,0.05,True,False,False,181,38,25,63,0,True,,8/0/5,10/1/3,8/5/0,1/0/1,3/4/1,2/0/1,1/0/0
r101,0.7,0.5,0.05,False,True,True,181,38,25,63,0,True,,8/0/5,10/1/3,8/5/0,1/0/1,3/4/1,2/0/1,1/0/0
r102,0.7,0.5,0.05,False,True,False,181,38,25,63,0,True,,8/0/5,10/1/3,8/5/0,1/0/1,3/4/1,2/0/1,1/0/0
r103,0.7,0.5,0.05,False,False,True,181,38,25,63,0,True,,8/0/5,10/1/3,8/5/0,1/0/1,3/4/1,2/0/1,1/0/0
r104,0.7,0.5,0.05,False,False,False,181,38,25,63,0,True,,8/0/5,10/1/3,8/5/0,1/0/1,3/4/1,2/0/1,1/0/0
r105,0.7,0.5,0.1,True,True,True,181,38,25,63,0,True,,8/0/5,10/1/3,8/5/0,1/0/1,3/4/1,2/0/1,1/0/0
r106,0.7,0.5,0.1,True,True,False,181,38,25,63,0,True,,8/0/5,10/1/3,8/5/0,1/0/1,3/4/1,2/0/1,1/0/0
r107,0.7,0.5,0.1,True,False,True,181,38,25,63,0,True,,8/0/5,10/1/3,8/5/0,1/0/1,3/4/1,2/0/1,1/0/0
r108,0.7,0.5,0.1,True,False,False,181,38,25,63,0,True,,8/0/5,10/1/3,8/5/0,1/0/1,3/4/1,2/0/1,1/0/0
r109,0.7,0.5,0.1,False,True,True,181,38,25,63,0,True,,8/0/5,10/1/3,8/5/0,1/0/1,3/4/1,2/0/1,1/0/0
r110,0.7,0.5,0.1,False,True,False,181,38,25,63,0,True,,8/0/5,10/1/3,8/5/0,1/0/1,3/4/1,2/0/1,1/0/0
r111,0.7,0.5,0.1,False,False,True,181,38,25,63,0,True,,8/0/5,10/1/3,8/5/0,1/0/1,3/4/1,2/0/1,1/0/0
r112,0.7,0.5,0.1,False,False,False,181,38,25,63,0,True,,8/0/5,10/1/3,8/5/0,1/0/1,3/4/1,2/0/1,1/0/0
r113,0.7,0.5,0.2,True,True,True,181,38,25,63,0,True,,8/0/5,10/1/3,8/5/0,1/0/1,3/4/1,2/0/1,1/0/0
r114,0.7,0.5,0.2,True,True,False,181,38,25,63,0,True,,8/0/5,10/1/3,8/5/0,1/0/1,3/4/1,2/0/1,1/0/0
r115,0.7,0.5,0.2,True,False,True,181,38,25,63,0,True,,8/0/5,10/1/3,8/5/0,1/0/1,3/4/1,2/0/1,1/0/0
r116,0.7,0.5,0.2,True,False,False,181,38,25,63,0,True,,8/0/5,10/1/3,8/5/0,1/0/1,3/4/1,2/0/1,1/0/0
r117,0.7,0.5,0.2,False,True,True,181,38,25,63,0,True,,8/0/5,10/1/3,8/5/0,1/0/1,3/4/1,2/0/1,1/0/0
r118,0.7,0.5,0.2,False,True,False,181,38,25,63,0,True,,8/0/5,10/1/3,8/5/0,1/0/1,3/4/1,2/0/1,1/0/0
r119,0.7,0.5,0.2,False,False,True,181,38,25,63,0,True,,8/0/5,10/1/3,8/5/0,1/0/1,3/4/1,2/0/1,1/0/0
r120,0.7,0.5,0.2,False,False,False,181,38,25,63,0,True,,8/0/5,10/1/3,8/5/0,1/0/1,3/4/1,2/0/1,1/0/0
r121,0.7,0.5,0.3,True,True,True,181,38,25,63,0,True,,8/0/5,10/1/3,8/5/0,1/0/1,3/4/1,2/0/1,1/0/0
r122,0.7,0.5,0.3,True,True,False,181,38,25,63,0,True,,8/0/5,10/1/3,8/5/0,1/0/1,3/4/1,2/0/1,1/0/0
r123,0.7,0.5,0.3,True,False,True,181,38,25,63,0,True,,8/0/5,10/1/3,8/5/0,1/0/1,3/4/1,2/0/1,1/0/0
r124,0.7,0.5,0.3,True,False,False,181,38,25,63,0,True,,8/0/5,10/1/3,8/5/0,1/0/1,3/4/1,2/0/1,1/0/0
r125,0.7,0.5,0.3,False,True,True,181,38,25,63,0,True,,8/0/5,10/1/3,8/5/0,1/0/1,3/4/1,2/0/1,1/0/0
r126,0.7,0.5,0.3,False,True,False,181,38,25,63,0,True,,8/0/5,10/1/3,8/5/0,1/0/1,3/4/1,2/0/1,1/0/0
r127,0.7,0.5,0.3,False,False,True,181,38,25,63,0,True,,8/0/5,10/1/3,8/5/0,1/0/1,3/4/1,2/0/1,1/0/0
r128,0.7,0.5,0.3,False,False,False,181,38,25,63,0,True,,8/0/5,10/1/3,8/5/0,1/0/1,3/4/1,2/0/1,1/0/0
r129,0.8,0.1,0.05,True,True,True,181,38,25,63,0,True,,8/0/5,10/1/3,8/5/0,1/0/1,3/4/1,2/0/1,1/0/0
r130,0.8,0.1,0.05,True,True,False,181,38,25,63,0,True,,8/0/5,10/1/3,8/5/0,1/0/1,3/4/1,2/0/1,1/0/0
r131,0.8,0.1,0.05,True,False,True,181,38,25,63,0,True,,8/0/5,10/1/3,8/5/0,1/0/1,3/4/1,2/0/1,1/0/0
r132,0.8,0.1,0.05,True,False,False,181,38,25,63,0,True,,8/0/5,10/1/3,8/5/0,1/0/1,3/4/1,2/0/1,1/0/0
r133,0.8,0.1,0.05,False,True,True,181,38,25,63,0,True,,8/0/5,10/1/3,8/5/0,1/0/1,3/4/1,2/0/1,1/0/0
r134,0.8,0.1,0.05,False,True,False,181,38,25,63,0,True,,8/0/5,10/1/3,8/5/0,1/0/1,3/4/1,2/0/1,1/0/0
r135,0.8,0.1,0.05,False,False,True,181,38,25,63,0,True,,8/0/5,10/1/3,8/5/0,1/0/1,3/4/1,2/0/1,1/0/0
r136,0.8,0.1,0.05,False,False,False,181,38,25,63,0,True,,8/0/5,10/1/3,8/5/0,1/0/1,3/4/1,2/0/1,1/0/0
r137,0.8,0.1,0.1,True,True,True,181,38,25,63,0,True,,8/0/5,10/1/3,8/5/0,1/0/1,3/4/1,2/0/1,1/0/0
r138,0.8,0.1,0.1,True,True,False,181,38,25,63,0,True,,8/0/5,10/1/3,8/5/0,1/0/1,3/4/1,2/0/1,1/0/0
r139,0.8,0.1,0.1,True,False,True,181,38,25,63,0,True,,8/0/5,10/1/3,8/5/0,1/0/1,3/4/1,2/0/1,1/0/0
r140,0.8,0.1,0.1,True,False,False,181,38,25,63,0,True,,8/0/5,10/1/3,8/5/0,1/0/1,3/4/1,2/0/1,1/0/0
r141,0.8,0.1,0.1,False,True,True,181,38,25,63,0,True,,8/0/5,10/1/3,8/5/0,1/0/1,3/4/1,2/0/1,1/0/0
r142,0.8,0.1,0.1,False,True,False,181,38,25,63,0,True,,8/0/5,10/1/3,8/5/0,1/0/1,3/4/1,2/0/1,1/0/0
r143,0.8,0.1,0.1,False,False,True,181,38,25,63,0,True,,8/0/5,10/1/3,8/5/0,1/0/1,3/4/1,2/0/1,1/0/0
r144,0.8,0.1,0.1,False,False,False,181,38,25,63,0,True,,8/0/5,10/1/3,8/5/0,1/0/1,3/4/1,2/0/1,1/0/0
r145,0.8,0.1,0.2,True,True,True,181,38,25,63,0,True,,8/0/5,10/1/3,8/5/0,1/0/1,3/4/1,2/0/1,1/0/0
r146,0.8,0.1,0.2,True,True,False,181,38,25,63,0,True,,8/0/5,10/1/3,8/5/0,1/0/1,3/4/1,2/0/1,1/0/0
r147,0.8,0.1,0.2,True,False,True,181,38,25,63,0,True,,8/0/5,10/1/3,8/5/0,1/0/1,3/4/1,2/0/1,1/0/0
r148,0.8,0.1,0.2,True,False,False,181,38,25,63,0,True,,8/0/5,10/1/3,8/5/0,1/0/1,3/4/1,2/0/1,1/0/0
r149,0.8,0.1,0.2,False,True,True,181,38,25,63,0,True,,8/0/5,10/1/3,8/5/0,1/0/1,3/4/1,2/0/1,1/0/0
r150,0.8,0.1,0.2,False,True,False,181,38,25,63,0,True,,8/0/5,10/1/3,8/5/0,1/0/1,3/4/1,2/0/1,1/0/0
r151,0.8,0.1,0.2,False,False,True,181,38,25,63,0,True,,8/0/5,10/1/3,8/5/0,1/0/1,3/4/1,2/0/1,1/0/0
r152,0.8,0.1,0.2,False,False,False,181,38,25,63,0,True,,8/0/5,10/1/3,8/5/0,1/0/1,3/4/1,2/0/1,1/0/0
r153,0.8,0.1,0.3,True,True,True,181,38,25,63,0,True,,8/0/5,10/1/3,8/5/0,1/0/1,3/4/1,2/0/1,1/0/0
r154,0.8,0.1,0.3,True,True,False,181,38,25,63,0,True,,8/0/5,10/1/3,8/5/0,1/0/1,3/4/1,2/0/1,1/0/0
r155,0.8,0.1,0.3,True,False,True,181,38,25,63,0,True,,8/0/5,10/1/3,8/5/0,1/0/1,3/4/1,2/0/1,1/0/0
r156,0.8,0.1,0.3,True,False,False,181,38,25,63,0,True,,8/0/5,10/1/3,8/5/0,1/0/1,3/4/1,2/0/1,1/0/0
r157,0.8,0.1,0.3,False,True,True,181,38,25,63,0,True,,8/0/5,10/1/3,8/5/0,1/0/1,3/4/1,2/0/1,1/0/0
r158,0.8,0.1,0.3,False,True,False,181,38,25,63,0,True,,8/0/5,10/1/3,8/5/0,1/0/1,3/4/1,2/0/1,1/0/0
r159,0.8,0.1,0.3,False,False,True,181,38,25,63,0,True,,8/0/5,10/1/3,8/5/0,1/0/1,3/4/1,2/0/1,1/0/0
r160,0.8,0.1,0.3,False,False,False,181,38,25,63,0,True,,8/0/5,10/1/3,8/5/0,1/0/1,3/4/1,2/0/1,1/0/0
r161,0.8,0.2,0.05,True,True,True,181,38,25,63,0,True,,8/0/5,10/1/3,8/5/0,1/0/1,3/4/1,2/0/1,1/0/0
r162,0.8,0.2,0.05,True,True,False,181,38,25,63,0,True,,8/0/5,10/1/3,8/5/0,1/0/1,3/4/1,2/0/1,1/0/0
r163,0.8,0.2,0.05,True,False,True,181,38,25,63,0,True,,8/0/5,10/1/3,8/5/0,1/0/1,3/4/1,2/0/1,1/0/0
r164,0.8,0.2,0.05,True,False,False,181,38,25,63,0,True,,8/0/5,10/1/3,8/5/0,1/0/1,3/4/1,2/0/1,1/0/0
r165,0.8,0.2,0.05,False,True,True,181,38,25,63,0,True,,8/0/5,10/1/3,8/5/0,1/0/1,3/4/1,2/0/1,1/0/0
r166,0.8,0.2,0.05,False,True,False,181,38,25,63,0,True,,8/0/5,10/1/3,8/5/0,1/0/1,3/4/1,2/0/1,1/0/0
r167,0.8,0.2,0.05,False,False,True,181,38,25,63,0,True,,8/0/5,10/1/3,8/5/0,1/0/1,3/4/1,2/0/1,1/0/0
r168,0.8,0.2,0.05,False,False,False,181,38,25,63,0,True,,8/0/5,10/1/3,8/5/0,1/0/1,3/4/1,2/0/1,1/0/0
r169,0.8,0.2,0.1,True,True,True,181,38,25,63,0,True,,8/0/5,10/1/3,8/5/0,1/0/1,3/4/1,2/0/1,1/0/0
r170,0.8,0.2,0.1,True,True,False,181,38,25,63,0,True,,8/0/5,10/1/3,8/5/0,1/0/1,3/4/1,2/0/1,1/0/0
r171,0.8,0.2,0.1,True,False,True,181,38,25,63,0,True,,8/0/5,10/1/3,8/5/0,1/0/1,3/4/1,2/0/1,1/0/0
r172,0.8,0.2,0.1,True,False,False,181,38,25,63,0,True,,8/0/5,10/1/3,8/5/0,1/0/1,3/4/1,2/0/1,1/0/0
r173,0.8,0.2,0.1,False,True,True,181,38,25,63,0,True,,8/0/5,10/1/3,8/5/0,1/0/1,3/4/1,2/0/1,1/0/0
r174,0.8,0.2,0.1,False,True,False,181,38,25,63,0,True,,8/0/5,10/1/3,8/5/0,1/0/1,3/4/1,2/0/1,1/0/0
r175,0.8,0.2,0.1,False,False,True,181,38,25,63,0,True,,8/0/5,10/1/3,8/5/0,1/0/1,3/4/1,2/0/1,1/0/0
r176,0.8,0.2,0.1,False,False,False,181,38,25,63,0,True,,8/0/5,10/1/3,8/5/0,1/0/1,3/4/1,2/0/1,1/0/0
r177,0.8,0.2,0.2,True,True,True,181,38,25,63,0,True,,8/0/5,10/1/3,8/5/0,1/0/1,3/4/1,2/0/1,1/0/0
r178,0.8,0.2,0.2,True,True,False,181,38,25,63,0,True,,8/0/5,10/1/3,8/5/0,1/0/1,3/4/1,2/0/1,1/0/0
r179,0.8,0.2,0.2,True,False,True,181,38,25,63,0,True,,8/0/5,10/1/3,8/5/0,1/0/1,3/4/1,2/0/1,1/0/0
r180,0.8,0.2,0.2,True,False,False,181,38,25,63,0,True,,8/0/5,10/1/3,8/5/0,1/0/1,3/4/1,2/0/1,1/0/0
r181,0.8,0.2,0.2,False,True,True,181,38,25,63,0,True,,8/0/5,10/1/3,8/5/0,1/0/1,3/4/1,2/0/1,1/0/0
r182,0.8,0.2,0.2,False,True,False,181,38,25,63,0,True,,8/0/5,10/1/3,8/5/0,1/0/1,3/4/1,2/0/1,1/0/0
r183,0.8,0.2,0.2,False,False,True,181,38,25,63,0,True,,8/0/5,10/1/3,8/5/0,1/0/1,3/4/1,2/0/1,1/0/0
r184,0.8,0.2,0.2,False,False,False,181,38,25,63,0,True,,8/0/5,10/1/3,8/5/0,1/0/1,3/4/1,2/0/1,1/0/0
r185,0.8,0.2,0.3,True,True,True,181,38,25,63,0,True,,8/0/5,10/1/3,8/5/0,1/0/1,3/4/1,2/0/1,1/0/0
r186,0.8,0.2,0.3,True,True,False,181,38,25,63,0,True,,8/0/5,10/1/3,8/5/0,1/0/1,3/4/1,2/0/1,1/0/0
r187,0.8,0.2,0.3,True,False,True,181,38,25,63,0,True,,8/0/5,10/1/3,8/5/0,1/0/1,3/4/1,2/0/1,1/0/0
r188,0.8,0.2,0.3,True,False,False,181,38,25,63,0,True,,8/0/5,10/1/3,8/5/0,1/0/1,3/4/1,2/0/1,1/0/0
r189,0.8,0.2,0.3,False,True,True,181,38,25,63,0,True,,8/0/5,10/1/3,8/5/0,1/0/1,3/4/1,2/0/1,1/0/0
r190,0.8,0.2,0.3,False,True,False,181,38,25,63,0,True,,8/0/5,10/1/3,8/5/0,1/0/1,3/4/1,2/0/1,1/0/0
r191,0.8,0.2,0.3,False,False,True,181,38,25,63,0,True,,8/0/5,10/1/3,8/5/0,1/0/1,3/4/1,2/0/1,1/0/0
r192,0.8,0.2,0.3,False,False,False,181,38,25,63,0,True,,8/0/5,10/1/3,8/5/0,1/0/1,3/4/1,2/0/1,1/0/0
r193,0.8,0.3,0.05,True,True,True,181,38,25,63,0,True,,8/0/5,10/1/3,8/5/0,1/0/1,3/4/1,2/0/1,1/0/0
r194,0.8,0.3,0.05,True,True,False,181,38,25,63,0,True,,8/0/5,10/1/3,8/5/0,1/0/1,3/4/1,2/0/1,1/0/0
r195,0.8,0.3,0.05,True,False,True,181,38,25,63,0,True,,8/0/5,10/1/3,8/5/0,1/0/1,3/4/1,2/0/1,1/0/0
r196,0.8,0.3,0.05,True,False,False,181,38,25,63,0,True,,8/0/5,10/1/3,8/5/0,1/0/1,3/4/1,2/0/1,1/0/0
r197,0.8,0.3,0.05,False,True,True,181,38,25,63,0,True,,8/0/5,10/1/3,8/5/0,1/0/1,3/4/1,2/0/1,1/0/0
r198,0.8,0.3,0.05,False,True,False,181,38,25,63,0,True,,8/0/5,10/1/3,8/5/0,1/0/1,3/4/1,2/0/1,1/0/0
r199,0.8,0.3,0.05,False,False,True,181,38,25,63,0,True,,8/0/5,10/1/3,8/5/0,1/0/1,3/4/1,2/0/1,1/0/0
r200,0.8,0.3,0.05,False,False,False,181,38,25,63,0,True,,8/0/5,10/1/3,8/5/0,1/0/1,3/4/1,2/0/1,1/0/0
r201,0.8,0.3,0.1,True,True,True,181,38,25,63,0,True,,8/0/5,10/1/3,8/5/0,1/0/1,3/4/1,2/0/1,1/0/0
r202,0.8,0.3,0.1,True,True,False,181,38,25,63,0,True,,8/0/5,10/1/3,8/5/0,1/0/1,3/4/1,2/0/1,1/0/0
r203,0.8,0.3,0.1,True,False,True,181,38,25,63,0,True,,8/0/5,10/1/3,8/5/0,1/0/1,3/4/1,2/0/1,1/0/0
r204,0.8,0.3,0.1,True,False,False,181,38,25,63,0,True,,8/0/5,10/1/3,8/5/0,1/0/1,3/4/1,2/0/1,1/0/0
r205,0.8,0.3,0.1,False,True,True,181,38,25,63,0,True,,8/0/5,10/1/3,8/5/0,1/0/1,3/4/1,2/0/1,1/0/0
r206,0.8,0.3,0.1,False,True,False,181,38,25,63,0,True,,8/0/5,10/1/3,8/5/0,1/0/1,3/4/1,2/0/1,1/0/0
r207,0.8,0.3,0.1,False,False,True,181,38,25,63,0,True,,8/0/5,10/1/3,8/5/0,1/0/1,3/4/1,2/0/1,1/0/0
r208,0.8,0.3,0.1,False,False,False,181,38,25,63,0,True,,8/0/5,10/1/3,8/5/0,1/0/1,3/4/1,2/0/1,1/0/0
r209,0.8,0.3,0.2,True,True,True,181,38,25,63,0,True,,8/0/5,10/1/3,8/5/0,1/0/1,3/4/1,2/0/1,1/0/0
r210,0.8,0.3,0.2,True,True,False,181,38,25,63,0,True,,8/0/5,10/1/3,8/5/0,1/0/1,3/4/1,2/0/1,1/0/0
r211,0.8,0.3,0.2,True,False,True,181,38,25,63,0,True,,8/0/5,10/1/3,8/5/0,1/0/1,3/4/1,2/0/1,1/0/0
r212,0.8,0.3,0.2,True,False,False,181,38,25,63,0,True,,8/0/5,10/1/3,8/5/0,1/0/1,3/4/1,2/0/1,1/0/0
r213,0.8,0.3,0.2,False,True,True,181,38,25,63,0,True,,8/0/5,10/1/3,8/5/0,1/0/1,3/4/1,2/0/1,1/0/0
r214,0.8,0.3,0.2,False,True,False,181,38,25,63,0,True,,8/0/5,10/1/3,8/5/0,1/0/1,3/4/1,2/0/1,1/0/0
r215,0.8,0.3,0.2,False,False,True,181,38,25,63,0,True,,8/0/5,10/1/3,8/5/0,1/0/1,3/4/1,2/0/1,1/0/0
r216,0.8,0.3,0.2,False,False,False,181,38,25,63,0,True,,8/0/5,10/1/3,8/5/0,1/0/1,3/4/1,2/0/1,1/0/0
r217,0.8,0.3,0.3,True,True,True,181,38,25,63,0,True,,8/0/5,10/1/3,8/5/0,1/0/1,3/4/1,2/0/1,1/0/0
r218,0.8,0.3,0.3,True,True,False,181,38,25,63,0,True,,8/0/5,10/1/3,8/5/0,1/0/1,3/4/1,2/0/1,1/0/0
r219,0.8,0.3,0.3,True,False,True,181,38,25,63,0,True,,8/0/5,10/1/3,8/5/0,1/0/1,3/4/1,2/0/1,1/0/0
r220,0.8,0.3,0.3,True,False,False,181,38,25,63,0,True,,8/0/5,10/1/3,8/5/0,1/0/1,3/4/1,2/0/1,1/0/0
r221,0.8,0.3,0.3,False,True,True,181,38,25,63,0,True,,8/0/5,10/1/3,8/5/0,1/0/1,3/4/1,2/0/1,1/0/0
r222,0.8,0.3,0.3,False,True,False,181,38,25,63,0,True,,8/0/5,10/1/3,8/5/0,1/0/1,3/4/1,2/0/1,1/0/0
r223,0.8,0.3,0.3,False,False,True,181,38,25,63,0,True,,8/0/5,10/1/3,8/5/0,1/0/1,3/4/1,2/0/1,1/0/0
r224,0.8,0.3,0.3,False,False,False,181,38,25,63,0,True,,8/0/5,10/1/3,8/5/0,1/0/1,3/4/1,2/0/1,1/0/0
r225,0.8,0.5,0.05,True,True,True,181,38,25,63,0,True,,8/0/5,10/1/3,8/5/0,1/0/1,3/4/1,2/0/1,1/0/0
r226,0.8,0.5,0.05,True,True,False,181,38,25,63,0,True,,8/0/5,10/1/3,8/5/0,1/0/1,3/4/1,2/0/1,1/0/0
r227,0.8,0.5,0.05,True,False,True,181,38,25,63,0,True,,8/0/5,10/1/3,8/5/0,1/0/1,3/4/1,2/0/1,1/0/0
r228,0.8,0.5,0.05,True,False,False,181,38,25,63,0,True,,8/0/5,10/1/3,8/5/0,1/0/1,3/4/1,2/0/1,1/0/0
r229,0.8,0.5,0.05,False,True,True,181,38,25,63,0,True,,8/0/5,10/1/3,8/5/0,1/0/1,3/4/1,2/0/1,1/0/0
r230,0.8,0.5,0.05,False,True,False,181,38,25,63,0,True,,8/0/5,10/1/3,8/5/0,1/0/1,3/4/1,2/0/1,1/0/0
r231,0.8,0.5,0.05,False,False,True,181,38,25,63,0,True,,8/0/5,10/1/3,8/5/0,1/0/1,3/4/1,2/0/1,1/0/0
r232,0.8,0.5,0.05,False,False,False,181,38,25,63,0,True,,8/0/5,10/1/3,8/5/0,1/0/1,3/4/1,2/0/1,1/0/0
r233,0.8,0.5,0.1,True,True,True,181,38,25,63,0,True,,8/0/5,10/1/3,8/5/0,1/0/1,3/4/1,2/0/1,1/0/0
r234,0.8,0.5,0.1,True,True,False,181,38,25,63,0,True,,8/0/5,10/1/3,8/5/0,1/0/1,3/4/1,2/0/1,1/0/0
r235,0.8,0.5,0.1,True,False,True,181,38,25,63,0,True,,8/0/5,10/1/3,8/5/0,1/0/1,3/4/1,2/0/1,1/0/0
r236,0.8,0.5,0.1,True,False,False,181,38,25,63,0,True,,8/0/5,10/1/3,8/5/0,1/0/1,3/4/1,2/0/1,1/0/0
r237,0.8,0.5,0.1,False,True,True,181,38,25,63,0,True,,8/0/5,10/1/3,8/5/0,1/0/1,3/4/1,2/0/1,1/0/0
r238,0.8,0.5,0.1,False,True,False,181,38,25,63,0,True,,8/0/5,10/1/3,8/5/0,1/0/1,3/4/1,2/0/1,1/0/0
r239,0.8,0.5,0.1,False,False,True,181,38,25,63,0,True,,8/0/5,10/1/3,8/5/0,1/0/1,3/4/1,2/0/1,1/0/0
r240,0.8,0.5,0.1,False,False,False,181,38,25,63,0,True,,8/0/5,10/1/3,8/5/0,1/0/1,3/4/1,2/0/1,1/0/0
r241,0.8,0.5,0.2,True,True,True,181,38,25,63,0,True,,8/0/5,10/1/3,8/5/0,1/0/1,3/4/1,2/0/1,1/0/0
r242,0.8,0.5,0.2,True,True,False,181,38,25,63,0,True,,8/0/5,10/1/3,8/5/0,1/0/1,3/4/1,2/0/1,1/0/0
r243,0.8,0.5,0.2,True,False,True,181,38,25,63,0,True,,8/0/5,10/1/3,8/5/0,1/0/1,3/4/1,2/0/1,1/0/0
r244,0.8,0.5,0.2,True,False,False,181,38,25,63,0,True,,8/0/5,10/1/3,8/5/0,1/0/1,3/4/1,2/0/1,1/0/0
r245,0.8,0.5,0.2,False,True,True,181,38,25,63,0,True,,8/0/5,10/1/3,8/5/0,1/0/1,3/4/1,2/0/1,1/0/0
r246,0.8,0.5,0.2,False,True,False,181,38,25,63,0,True,,8/0/5,10/1/3,8/5/0,1/0/1,3/4/1,2/0/1,1/0/0
r247,0.8,0.5,0.2,False,False,True,181,38,25,63,0,True,,8/0/5,10/1/3,8/5/0,1/0/1,3/4/1,2/0/1,1/0/0
r248,0.8,0.5,0.2,False,False,False,181,38,25,63,0,True,,8/0/5,10/1/3,8/5/0,1/0/1,3/4/1,2/0/1,1/0/0
r249,0.8,0.5,0.3,True,True,True,181,38,25,63,0,True,,8/0/5,10/1/3,8/5/0,1/0/1,3/4/1,2/0/1,1/0/0
r250,0.8,0.5,0.3,True,True,False,181,38,25,63,0,True,,8/0/5,10/1/3,8/5/0,1/0/1,3/4/1,2/0/1,1/0/0
r251,0.8,0.5,0.3,True,False,True,181,38,25,63,0,True,,8/0/5,10/1/3,8/5/0,1/0/1,3/4/1,2/0/1,1/0/0
r252,0.8,0.5,0.3,True,False,False,181,38,25,63,0,True,,8/0/5,10/1/3,8/5/0,1/0/1,3/4/1,2/0/1,1/0/0
r253,0.8,0.5,0.3,False,True,True,181,38,25,63,0,True,,8/0/5,10/1/3,8/5/0,1/0/1,3/4/1,2/0/1,1/0/0
r254,0.8,0.5,0.3,False,True,False,181,38,25,63,0,True,,8/0/5,10/1/3,8/5/0,1/0/1,3/4/1,2/0/1,1/0/0
r255,0.8,0.5,0.3,False,False,True,181,38,25,63,0,True,,8/0/5,10/1/3,8/5/0,1/0/1,3/4/1,2/0/1,1/0/0
r256,0.8,0.5,0.3,False,False,False,181,38,25,63,0,True,,8/0/5,10/1/3,8/5/0,1/0/1,3/4/1,2/0/1,1/0/0
r257,0.9,0.1,0.05,True,True,True,181,38,25,63,0,True,,8/0/5,10/1/3,8/5/0,1/0/1,3/4/1,2/0/1,1/0/0
r258,0.9,0.1,0.05,True,True,False,181,38,25,63,0,True,,8/0/5,10/1/3,8/5/0,1/0/1,3/4/1,2/0/1,1/0/0
r259,0.9,0.1,0.05,True,False,True,181,38,25,63,0,True,,8/0/5,10/1/3,8/5/0,1/0/1,3/4/1,2/0/1,1/0/0
r260,0.9,0.1,0.05,True,False,False,181,38,25,63,0,True,,8/0/5,10/1/3,8/5/0,1/0/1,3/4/1,2/0/1,1/0/0
r261,0.9,0.1,0.05,False,True,True,181,38,25,63,0,True,,8/0/5,10/1/3,8/5/0,1/0/1,3/4/1,2/0/1,1/0/0
r262,0.9,0.1,0.05,False,True,False,181,38,25,63,0,True,,8/0/5,10/1/3,8/5/0,1/0/1,3/4/1,2/0/1,1/0/0
r263,0.9,0.1,0.05,False,False,True,181,38,25,63,0,True,,8/0/5,10/1/3,8/5/0,1/0/1,3/4/1,2/0/1,1/0/0
r264,0.9,0.1,0.05,False,False,False,181,38,25,63,0,True,,8/0/5,10/1/3,8/5/0,1/0/1,3/4/1,2/0/1,1/0/0
r265,0.9,0.1,0.1,True,True,True,181,38,25,63,0,True,,8/0/5,10/1/3,8/5/0,1/0/1,3/4/1,2/0/1,1/0/0
r266,0.9,0.1,0.1,True,True,False,181,38,25,63,0,True,,8/0/5,10/1/3,8/5/0,1/0/1,3/4/1,2/0/1,1/0/0
r267,0.9,0.1,0.1,True,False,True,181,38,25,63,0,True,,8/0/5,10/1/3,8/5/0,1/0/1,3/4/1,2/0/1,1/0/0
r268,0.9,0.1,0.1,True,False,False,181,38,25,63,0,True,,8/0/5,10/1/3,8/5/0,1/0/1,3/4/1,2/0/1,1/0/0
r269,0.9,0.1,0.1,False,True,True,181,38,25,63,0,True,,8/0/5,10/1/3,8/5/0,1/0/1,3/4/1,2/0/1,1/0/0
r270,0.9,0.1,0.1,False,True,False,181,38,25,63,0,True,,8/0/5,10/1/3,8/5/0,1/0/1,3/4/1,2/0/1,1/0/0
r271,0.9,0.1,0.1,False,False,True,181,38,25,63,0,True,,8/0/5,10/1/3,8/5/0,1/0/1,3/4/1,2/0/1,1/0/0
r272,0.9,0.1,0.1,False,False,False,181,38,25,63,0,True,,8/0/5,10/1/3,8/5/0,1/0/1,3/4/1,2/0/1,1/0/0
r273,0.9,0.1,0.2,True,True,True,181,38,25,63,0,True,,8/0/5,10/1/3,8/5/0,1/0/1,3/4/1,2/0/1,1/0/0
r274,0.9,0.1,0.2,True,True,False,181,38,25,63,0,True,,8/0/5,10/1/3,8/5/0,1/0/1,3/4/1,2/0/1,1/0/0
r275,0.9,0.1,0.2,True,False,True,181,38,25,63,0,True,,8/0/5,10/1/3,8/5/0,1/0/1,3/4/1,2/0/1,1/0/0
r276,0.9,0.1,0.2,True,False,False,181,38,25,63,0,True,,8/0/5,10/1/3,8/5/0,1/0/1,3/4/1,2/0/1,1/0/0
r277,0.9,0.1,0.2,False,True,True,181,38,25,63,0,True,,8/0/5,10/1/3,8/5/0,1/0/1,3/4/1,2/0/1,1/0/0
r278,0.9,0.1,0.2,False,True,False,181,38,25,63,0,True,,8/0/5,10/1/3,8/5/0,1/0/1,3/4/1,2/0/1,1/0/0
r279,0.9,0.1,0.2,False,False,True,181,38,25,63,0,True,,8/0/5,10/1/3,8/5/0,1/0/1,3/4/1,2/0/1,1/0/0
r280,0.9,0.1,0.2,False,False,False,181,38,25,63,0,True,,8/0/5,10/1/3,8/5/0,1/0/1,3/4/1,2/0/1,1/0/0
r281,0.9,0.1,0.3,True,True,True,181,38,25,63,0,True,,8/0/5,10/1/3,8/5/0,1/0/1,3/4/1,2/0/1,1/0/0
r282,0.9,0.1,0.3,True,True,False,181,38,25,63,0,True,,8/0/5,10/1/3,8/5/0,1/0/1,3/4/1,2/0/1,1/0/0
r283,0.9,0.1,0.3,True,False,True,181,38,25,63,0,True,,8/0/5,10/1/3,8/5/0,1/0/1,3/4/1,2/0/1,1/0/0
r284,0.9,0.1,0.3,True,False,False,181,38,25,63,0,True,,8/0/5,10/1/3,8/5/0,1/0/1,3/4/1,2/0/1,1/0/0
r285,0.9,0.1,0.3,False,True,True,181,38,25,63,0,True,,8/0/5,10/1/3,8/5/0,1/0/1,3/4/1,2/0/1,1/0/0
r286,0.9,0.1,0.3,False,True,False,181,38,25,63,0,True,,8/0/5,10/1/3,8/5/0,1/0/1,3/4/1,2/0/1,1/0/0
r287,0.9,0.1,0.3,False,False,True,181,38,25,63,0,True,,8/0/5,10/1/3,8/5/0,1/0/1,3/4/1,2/0/1,1/0/0
r288,0.9,0.1,0.3,False,False,False,181,38,25,63,0,True,,8/0/5,10/1/3,8/5/0,1/0/1,3/4/1,2/0/1,1/0/0
r289,0.9,0.2,0.05,True,True,True,181,38,25,63,0,True,,8/0/5,10/1/3,8/5/0,1/0/1,3/4/1,2/0/1,1/0/0
r290,0.9,0.2,0.05,True,True,False,181,38,25,63,0,True,,8/0/5,10/1/3,8/5/0,1/0/1,3/4/1,2/0/1,1/0/0
r291,0.9,0.2,0.05,True,False,True,181,38,25,63,0,True,,8/0/5,10/1/3,8/5/0,1/0/1,3/4/1,2/0/1,1/0/0
r292,0.9,0.2,0.05,True,False,False,181,38,25,63,0,True,,8/0/5,10/1/3,8/5/0,1/0/1,3/4/1,2/0/1,1/0/0
r293,0.9,0.2,0.05,False,True,True,181,38,25,63,0,True,,8/0/5,10/1/3,8/5/0,1/0/1,3/4/1,2/0/1,1/0/0
r294,0.9,0.2,0.05,False,True,False,181,38,25,63,0,True,,8/0/5,10/1/3,8/5/0,1/0/1,3/4/1,2/0/1,1/0/0
r295,0.9,0.2,0.05,False,False,True,181,38,25,63,0,True,,8/0/5,10/1/3,8/5/0,1/0/1,3/4/1,2/0/1,1/0/0
r296,0.9,0.2,0.05,False,False,False,181,38,25,63,0,True,,8/0/5,10/1/3,8/5/0,1/0/1,3/4/1,2/0/1,1/0/0
r297,0.9,0.2,0.1,True,True,True,181,38,25,63,0,True,,8/0/5,10/1/3,8/5/0,1/0/1,3/4/1,2/0/1,1/0/0
r298,0.9,0.2,0.1,True,True,False,181,38,25,63,0,True,,8/0/5,10/1/3,8/5/0,1/0/1,3/4/1,2/0/1,1/0/0
r299,0.9,0.2,0.1,True,False,True,181,38,25,63,0,True,,8/0/5,10/1/3,8/5/0,1/0/1,3/4/1,2/0/1,1/0/0
r300,0.9,0.2,0.1,True,False,False,181,38,25,63,0,True,,8/0/5,10/1/3,8/5/0,1/0/1,3/4/1,2/0/1,1/0/0
r301,0.9,0.2,0.1,False,True,True,181,38,25,63,0,True,,8/0/5,10/1/3,8/5/0,1/0/1,3/4/1,2/0/1,1/0/0
r302,0.9,0.2,0.1,False,True,False,181,38,25,63,0,True,,8/0/5,10/1/3,8/5/0,1/0/1,3/4/1,2/0/1,1/0/0
r303,0.9,0.2,0.1,False,False,True,181,38,25,63,0,True,,8/0/5,10/1/3,8/5/0,1/0/1,3/4/1,2/0/1,1/0/0
r304,0.9,0.2,0.1,False,False,False,181,38,25,63,0,True,,8/0/5,10/1/3,8/5/0,1/0/1,3/4/1,2/0/1,1/0/0
r305,0.9,0.2,0.2,True,True,True,181,38,25,63,0,True,,8/0/5,10/1/3,8/5/0,1/0/1,3/4/1,2/0/1,1/0/0
r306,0.9,0.2,0.2,True,True,False,181,38,25,63,0,True,,8/0/5,10/1/3,8/5/0,1/0/1,3/4/1,2/0/1,1/0/0
r307,0.9,0.2,0.2,True,False,True,181,38,25,63,0,True,,8/0/5,10/1/3,8/5/0,1/0/1,3/4/1,2/0/1,1/0/0
r308,0.9,0.2,0.2,True,False,False,181,38,25,63,0,True,,8/0/5,10/1/3,8/5/0,1/0/1,3/4/1,2/0/1,1/0/0
r309,0.9,0.2,0.2,False,True,True,181,38,25,63,0,True,,8/0/5,10/1/3,8/5/0,1/0/1,3/4/1,2/0/1,1/0/0
r310,0.9,0.2,0.2,False,True,False,181,38,25,63,0,True,,8/0/5,10/1/3,8/5/0,1/0/1,3/4/1,2/0/1,1/0/0
r311,0.9,0.2,0.2,False,False,True,181,38,25,63,0,True,,8/0/5,10/1/3,8/5/0,1/0/1,3/4/1,2/0/1,1/0/0
r312,0.9,0.2,0.2,False,False,False,181,38,25,63,0,True,,8/0/5,10/1/3,8/5/0,1/0/1,3/4/1,2/0/1,1/0/0
r313,0.9,0.2,0.3,True,True,True,181,38,25,63,0,True,,8/0/5,10/1/3,8/5/0,1/0/1,3/4/1,2/0/1,1/0/0
r314,0.9,0.2,0.3,True,True,False,181,38,25,63,0,True,,8/0/5,10/1/3,8/5/0,1/0/1,3/4/1,2/0/1,1/0/0
r315,0.9,0.2,0.3,True,False,True,181,38,25,63,0,True,,8/0/5,10/1/3,8/5/0,1/0/1,3/4/1,2/0/1,1/0/0
r316,0.9,0.2,0.3,True,False,False,181,38,25,63,0,True,,8/0/5,10/1/3,8/5/0,1/0/1,3/4/1,2/0/1,1/0/0
r317,0.9,0.2,0.3,False,True,True,181,38,25,63,0,True,,8/0/5,10/1/3,8/5/0,1/0/1,3/4/1,2/0/1,1/0/0
r318,0.9,0.2,0.3,False,True,False,181,38,25,63,0,True,,8/0/5,10/1/3,8/5/0,1/0/1,3/4/1,2/0/1,1/0/0
r319,0.9,0.2,0.3,False,False,True,181,38,25,63,0,True,,8/0/5,10/1/3,8/5/0,1/0/1,3/4/1,2/0/1,1/0/0
r320,0.9,0.2,0.3,False,False,False,181,38,25,63,0,True,,8/0/5,10/1/3,8/5/0,1/0/1,3/4/1,2/0/1,1/0/0
r321,0.9,0.3,0.05,True,True,True,181,38,25,63,0,True,,8/0/5,10/1/3,8/5/0,1/0/1,3/4/1,2/0/1,1/0/0
r322,0.9,0.3,0.05,True,True,False,181,38,25,63,0,True,,8/0/5,10/1/3,8/5/0,1/0/1,3/4/1,2/0/1,1/0/0
r323,0.9,0.3,0.05,True,False,True,181,38,25,63,0,True,,8/0/5,10/1/3,8/5/0,1/0/1,3/4/1,2/0/1,1/0/0
r324,0.9,0.3,0.05,True,False,False,181,38,25,63,0,True,,8/0/5,10/1/3,8/5/0,1/0/1,3/4/1,2/0/1,1/0/0
r325,0.9,0.3,0.05,False,True,True,181,38,25,63,0,True,,8/0/5,10/1/3,8/5/0,1/0/1,3/4/1,2/0/1,1/0/0
r326,0.9,0.3,0.05,False,True,False,181,38,25,63,0,True,,8/0/5,10/1/3,8/5/0,1/0/1,3/4/1,2/0/1,1/0/0
r327,0.9,0.3,0.05,False,False,True,181,38,25,63,0,True,,8/0/5,10/1/3,8/5/0,1/0/1,3/4/1,2/0/1,1/0/0
r328,0.9,0.3,0.05,False,False,False,181,38,25,63,0,True,,8/0/5,10/1/3,8/5/0,1/0/1,3/4/1,2/0/1,1/0/0
r329,0.9,0.3,0.1,True,True,True,181,38,25,63,0,True,,8/0/5,10/1/3,8/5/0,1/0/1,3/4/1,2/0/1,1/0/0
r330,0.9,0.3,0.1,True,True,False,181,38,25,63,0,True,,8/0/5,10/1/3,8/5/0,1/0/1,3/4/1,2/0/1,1/0/0
r331,0.9,0.3,0.1,True,False,True,181,38,25,63,0,True,,8/0/5,10/1/3,8/5/0,1/0/1,3/4/1,2/0/1,1/0/0
r332,0.9,0.3,0.1,True,False,False,181,38,25,63,0,True,,8/0/5,10/1/3,8/5/0,1/0/1,3/4/1,2/0/1,1/0/0
r333,0.9,0.3,0.1,False,True,True,181,38,25,63,0,True,,8/0/5,10/1/3,8/5/0,1/0/1,3/4/1,2/0/1,1/0/0
r334,0.9,0.3,0.1,False,True,False,181,38,25,63,0,True,,8/0/5,10/1/3,8/5/0,1/0/1,3/4/1,2/0/1,1/0/0
r335,0.9,0.3,0.1,False,False,True,181,38,25,63,0,True,,8/0/5,10/1/3,8/5/0,1/0/1,3/4/1,2/0/1,1/0/0
r336,0.9,0.3,0.1,False,False,False,181,38,25,63,0,True,,8/0/5,10/1/3,8/5/0,1/0/1,3/4/1,2/0/1,1/0/0
r337,0.9,0.3,0.2,True,True,True,181,38,25,63,0,True,,8/0/5,10/1/3,8/5/0,1/0/1,3/4/1,2/0/1,1/0/0
r338,0.9,0.3,0.2,True,True,False,181,38,25,63,0,True,,8/0/5,10/1/3,8/5/0,1/0/1,3/4/1,2/0/1,1/0/0
r339,0.9,0.3,0.2,True,False,True,181,38,25,63,0,True,,8/0/5,10/1/3,8/5/0,1/0/1,3/4/1,2/0/1,1/0/0
r340,0.9,0.3,0.2,True,False,False,181,38,25,63,0,True,,8/0/5,10/1/3,8/5/0,1/0/1,3/4/1,2/0/1,1/0/0
r341,0.9,0.3,0.2,False,True,True,181,38,25,63,0,True,,8/0/5,10/1/3,8/5/0,1/0/1,3/4/1,2/0/1,1/0/0
r342,0.9,0.3,0.2,False,True,False,181,38,25,63,0,True,,8/0/5,10/1/3,8/5/0,1/0/1,3/4/1,2/0/1,1/0/0
r343,0.9,0.3,0.2,False,False,True,181,38,25,63,0,True,,8/0/5,10/1/3,8/5/0,1/0/1,3/4/1,2/0/1,1/0/0
r344,0.9,0.3,0.2,False,False,False,181,38,25,63,0,True,,8/0/5,10/1/3,8/5/0,1/0/1,3/4/1,2/0/1,1/0/0
r345,0.9,0.3,0.3,True,True,True,181,38,25,63,0,True,,8/0/5,10/1/3,8/5/0,1/0/1,3/4/1,2/0/1,1/0/0
r346,0.9,0.3,0.3,True,True,False,181,38,25,63,0,True,,8/0/5,10/1/3,8/5/0,1/0/1,3/4/1,2/0/1,1/0/0
r347,0.9,0.3,0.3,True,False,True,181,38,25,63,0,True,,8/0/5,10/1/3,8/5/0,1/0/1,3/4/1,2/0/1,1/0/0
r348,0.9,0.3,0.3,True,False,False,181,38,25,63,0,True,,8/0/5,10/1/3,8/5/0,1/0/1,3/4/1,2/0/1,1/0/0
r349,0.9,0.3,0.3,False,True,True,181,38,25,63,0,True,,8/0/5,10/1/3,8/5/0,1/0/1,3/4/1,2/0/1,1/0/0
r350,0.9,0.3,0.3,False,True,False,181,38,25,63,0,True,,8/0/5,10/1/3,8/5/0,1/0/1,3/4/1,2/0/1,1/0/0
r351,0.9,0.3,0.3,False,False,True,181,38,25,63,0,True,,8/0/5,10/1/3,8/5/0,1/0/1,3/4/1,2/0/1,1/0/0
r352,0.9,0.3,0.3,False,False,False,181,38,25,63,0,True,,8/0/5,10/1/3,8/5/0,1/0/1,3/4/1,2/0/1,1/0/0
r353,0.9,0.5,0.05,True,True,True,181,38,25,63,0,True,,8/0/5,10/1/3,8/5/0,1/0/1,3/4/1,2/0/1,1/0/0
r354,0.9,0.5,0.05,True,True,False,181,38,25,63,0,True,,8/0/5,10/1/3,8/5/0,1/0/1,3/4/1,2/0/1,1/0/0
r355,0.9,0.5,0.05,True,False,True,181,38,25,63,0,True,,8/0/5,10/1/3,8/5/0,1/0/1,3/4/1,2/0/1,1/0/0
r356,0.9,0.5,0.05,True,False,False,181,38,25,63,0,True,,8/0/5,10/1/3,8/5/0,1/0/1,3/4/1,2/0/1,1/0/0
r357,0.9,0.5,0.05,False,True,True,181,38,25,63,0,True,,8/0/5,10/1/3,8/5/0,1/0/1,3/4/1,2/0/1,1/0/0
r358,0.9,0.5,0.05,False,True,False,181,38,25,63,0,True,,8/0/5,10/1/3,8/5/0,1/0/1,3/4/1,2/0/1,1/0/0
r359,0.9,0.5,0.05,False,False,True,181,38,25,63,0,True,,8/0/5,10/1/3,8/5/0,1/0/1,3/4/1,2/0/1,1/0/0
r360,0.9,0.5,0.05,False,False,False,181,38,25,63,0,True,,8/0/5,10/1/3,8/5/0,1/0/1,3/4/1,2/0/1,1/0/0
r361,0.9,0.5,0.1,True,True,True,181,38,25,63,0,True,,8/0/5,10/1/3,8/5/0,1/0/1,3/4/1,2/0/1,1/0/0
r362,0.9,0.5,0.1,True,True,False,181,38,25,63,0,True,,8/0/5,10/1/3,8/5/0,1/0/1,3/4/1,2/0/1,1/0/0
r363,0.9,0.5,0.1,True,False,True,181,38,25,63,0,True,,8/0/5,10/1/3,8/5/0,1/0/1,3/4/1,2/0/1,1/0/0
r364,0.9,0.5,0.1,True,False,False,181,38,25,63,0,True,,8/0/5,10/1/3,8/5/0,1/0/1,3/4/1,2/0/1,1/0/0
r365,0.9,0.5,0.1,False,True,True,181,38,25,63,0,True,,8/0/5,10/1/3,8/5/0,1/0/1,3/4/1,2/0/1,1/0/0
r366,0.9,0.5,0.1,False,True,False,181,38,25,63,0,True,,8/0/5,10/1/3,8/5/0,1/0/1,3/4/1,2/0/1,1/0/0
r367,0.9,0.5,0.1,False,False,True,181,38,25,63,0,True,,8/0/5,10/1/3,8/5/0,1/0/1,3/4/1,2/0/1,1/0/0
r368,0.9,0.5,0.1,False,False,False,181,38,25,63,0,True,,8/0/5,10/1/3,8/5/0,1/0/1,3/4/1,2/0/1,1/0/0
r369,0.9,0.5,0.2,True,True,True,181,38,25,63,0,True,,8/0/5,10/1/3,8/5/0,1/0/1,3/4/1,2/0/1,1/0/0
r370,0.9,0.5,0.2,True,True,False,181,38,25,63,0,True,,8/0/5,10/1/3,8/5/0,1/0/1,3/4/1,2/0/1,1/0/0
r371,0.9,0.5,0.2,True,False,True,181,38,25,63,0,True,,8/0/5,10/1/3,8/5/0,1/0/1,3/4/1,2/0/1,1/0/0
r372,0.9,0.5,0.2,True,False,False,181,38,25,63,0,True,,8/0/5,10/1/3,8/5/0,1/0/1,3/4/1,2/0/1,1/0/0
r373,0.9,0.5,0.2,False,True,True,181,38,25,63,0,True,,8/0/5,10/1/3,8/5/0,1/0/1,3/4/1,2/0/1,1/0/0
r374,0.9,0.5,0.2,False,True,False,181,38,25,63,0,True,,8/0/5,10/1/3,8/5/0,1/0/1,3/4/1,2/0/1,1/0/0
r375,0.9,0.5,0.2,False,False,True,181,38,25,63,0,True,,8/0/5,10/1/3,8/5/0,1/0/1,3/4/1,2/0/1,1/0/0
r376,0.9,0.5,0.2,False,False,False,181,38,25,63,0,True,,8/0/5,10/1/3,8/5/0,1/0/1,3/4/1,2/0/1,1/0/0
r377,0.9,0.5,0.3,True,True,True,181,38,25,63,0,True,,8/0/5,10/1/3,8/5/0,1/0/1,3/4/1,2/0/1,1/0/0
r378,0.9,0.5,0.3,True,True,False,181,38,25,63,0,True,,8/0/5,10/1/3,8/5/0,1/0/1,3/4/1,2/0/1,1/0/0
r379,0.9,0.5,0.3,True,False,True,181,38,25,63,0,True,,8/0/5,10/1/3,8/5/0,1/0/1,3/4/1,2/0/1,1/0/0
r380,0.9,0.5,0.3,True,False,False,181,38,25,63,0,True,,8/0/5,10/1/3,8/5/0,1/0/1,3/4/1,2/0/1,1/0/0
r381,0.9,0.5,0.3,False,True,True,181,38,25,63,0,True,,8/0/5,10/1/3,8/5/0,1/0/1,3/4/1,2/0/1,1/0/0
r382,0.9,0.5,0.3,False,True,False,181,38,25,63,0,True,,8/0/5,10/1/3,8/5/0,1/0/1,3/4/1,2/0/1,1/0/0
r383,0.9,0.5,0.3,False,False,True,181,38,25,63,0,True,,8/0/5,10/1/3,8/5/0,1/0/1,3/4/1,2/0/1,1/0/0
r384,0.9,0.5,0.3,False,False,False,181,38,25,63,0,True,,8/0/5,10/1/3,8/5/0,1/0/1,3/4/1,2/0/1,1/0/0
r385,0.95,0.1,0.05,True,True,True,181,38,25,63,0,True,,8/0/5,10/1/3,8/5/0,1/0/1,3/4/1,2/0/1,1/0/0
r386,0.95,0.1,0.05,True,True,False,181,38,25,63,0,True,,8/0/5,10/1/3,8/5/0,1/0/1,3/4/1,2/0/1,1/0/0
r387,0.95,0.1,0.05,True,False,True,181,38,25,63,0,True,,8/0/5,10/1/3,8/5/0,1/0/1,3/4/1,2/0/1,1/0/0
r388,0.95,0.1,0.05,True,False,False,181,38,25,63,0,True,,8/0/5,10/1/3,8/5/0,1/0/1,3/4/1,2/0/1,1/0/0
r389,0.95,0.1,0.05,False,True,True,181,38,25,63,0,True,,8/0/5,10/1/3,8/5/0,1/0/1,3/4/1,2/0/1,1/0/0
r390,0.95,0.1,0.05,False,True,False,181,38,25,63,0,True,,8/0/5,10/1/3,8/5/0,1/0/1,3/4/1,2/0/1,1/0/0
r391,0.95,0.1,0.05,False,False,True,181,38,25,63,0,True,,8/0/5,10/1/3,8/5/0,1/0/1,3/4/1,2/0/1,1/0/0
r392,0.95,0.1,0.05,False,False,False,181,38,25,63,0,True,,8/0/5,10/1/3,8/5/0,1/0/1,3/4/1,2/0/1,1/0/0
r393,0.95,0.1,0.1,True,True,True,181,38,25,63,0,True,,8/0/5,10/1/3,8/5/0,1/0/1,3/4/1,2/0/1,1/0/0
r394,0.95,0.1,0.1,True,True,False,181,38,25,63,0,True,,8/0/5,10/1/3,8/5/0,1/0/1,3/4/1,2/0/1,1/0/0
r395,0.95,0.1,0.1,True,False,True,181,38,25,63,0,True,,8/0/5,10/1/3,8/5/0,1/0/1,3/4/1,2/0/1,1/0/0
r396,0.95,0.1,0.1,True,False,False,181,38,25,63,0,True,,8/0/5,10/1/3,8/5/0,1/0/1,3/4/1,2/0/1,1/0/0
r397,0.95,0.1,0.1,False,True,True,181,38,25,63,0,True,,8/0/5,10/1/3,8/5/0,1/0/1,3/4/1,2/0/1,1/0/0
r398,0.95,0.1,0.1,False,True,False,181,38,25,63,0,True,,8/0/5,10/1/3,8/5/0,1/0/1,3/4/1,2/0/1,1/0/0
r399,0.95,0.1,0.1,False,False,True,181,38,25,63,0,True,,8/0/5,10/1/3,8/5/0,1/0/1,3/4/1,2/0/1,1/0/0
r400,0.95,0.1,0.1,False,False,False,181,38,25,63,0,True,,8/0/5,10/1/3,8/5/0,1/0/1,3/4/1,2/0/1,1/0/0
r401,0.95,0.1,0.2,True,True,True,181,38,25,63,0,True,,8/0/5,10/1/3,8/5/0,1/0/1,3/4/1,2/0/1,1/0/0
r402,0.95,0.1,0.2,True,True,False,181,38,25,63,0,True,,8/0/5,10/1/3,8/5/0,1/0/1,3/4/1,2/0/1,1/0/0
r403,0.95,0.1,0.2,True,False,True,181,38,25,63,0,True,,8/0/5,10/1/3,8/5/0,1/0/1,3/4/1,2/0/1,1/0/0
r404,0.95,0.1,0.2,True,False,False,181,38,25,63,0,True,,8/0/5,10/1/3,8/5/0,1/0/1,3/4/1,2/0/1,1/0/0
r405,0.95,0.1,0.2,False,True,True,181,38,25,63,0,True,,8/0/5,10/1/3,8/5/0,1/0/1,3/4/1,2/0/1,1/0/0
r406,0.95,0.1,0.2,False,True,False,181,38,25,63,0,True,,8/0/5,10/1/3,8/5/0,1/0/1,3/4/1,2/0/1,1/0/0
r407,0.95,0.1,0.2,False,False,True,181,38,25,63,0,True,,8/0/5,10/1/3,8/5/0,1/0/1,3/4/1,2/0/1,1/0/0
r408,0.95,0.1,0.2,False,False,False,181,38,25,63,0,True,,8/0/5,10/1/3,8/5/0,1/0/1,3/4/1,2/0/1,1/0/0
r409,0.95,0.1,0.3,True,True,True,181,38,25,63,0,True,,8/0/5,10/1/3,8/5/0,1/0/1,3/4/1,2/0/1,1/0/0
r410,0.95,0.1,0.3,True,True,False,181,38,25,63,0,True,,8/0/5,10/1/3,8/5/0,1/0/1,3/4/1,2/0/1,1/0/0
r411,0.95,0.1,0.3,True,False,True,181,38,25,63,0,True,,8/0/5,10/1/3,8/5/0,1/0/1,3/4/1,2/0/1,1/0/0
r412,0.95,0.1,0.3,True,False,False,181,38,25,63,0,True,,8/0/5,10/1/3,8/5/0,1/0/1,3/4/1,2/0/1,1/0/0
r413,0.95,0.1,0.3,False,True,True,181,38,25,63,0,True,,8/0/5,10/1/3,8/5/0,1/0/1,3/4/1,2/0/1,1/0/0
r414,0.95,0.1,0.3,False,True,False,181,38,25,63,0,True,,8/0/5,10/1/3,8/5/0,1/0/1,3/4/1,2/0/1,1/0/0
r415,0.95,0.1,0.3,False,False,True,181,38,25,63,0,True,,8/0/5,10/1/3,8/5/0,1/0/1,3/4/1,2/0/1,1/0/0
r416,0.95,0.1,0.3,False,False,False,181,38,25,63,0,True,,8/0/5,10/1/3,8/5/0,1/0/1,3/4/1,2/0/1,1/0/0
r417,0.95,0.2,0.05,True,True,True,181,38,25,63,0,True,,8/0/5,10/1/3,8/5/0,1/0/1,3/4/1,2/0/1,1/0/0
r418,0.95,0.2,0.05,True,True,False,181,38,25,63,0,True,,8/0/5,10/1/3,8/5/0,1/0/1,3/4/1,2/0/1,1/0/0
r419,0.95,0.2,0.05,True,False,True,181,38,25,63,0,True,,8/0/5,10/1/3,8/5/0,1/0/1,3/4/1,2/0/1,1/0/0
r420,0.95,0.2,0.05,True,False,False,181,38,25,63,0,True,,8/0/5,10/1/3,8/5/0,1/0/1,3/4/1,2/0/1,1/0/0
r421,0.95,0.2,0.05,False,True,True,181,38,25,63,0,True,,8/0/5,10/1/3,8/5/0,1/0/1,3/4/1,2/0/1,1/0/0
r422,0.95,0.2,0.05,False,True,False,181,38,25,63,0,True,,8/0/5,10/1/3,8/5/0,1/0/1,3/4/1,2/0/1,1/0/0
r423,0.95,0.2,0.05,False,False,True,181,38,25,63,0,True,,8/0/5,10/1/3,8/5/0,1/0/1,3/4/1,2/0/1,1/0/0
r424,0.95,0.2,0.05,False,False,False,181,38,25,63,0,True,,8/0/5,10/1/3,8/5/0,1/0/1,3/4/1,2/0/1,1/0/0
r425,0.95,0.2,0.1,True,True,True,181,38,25,63,0,True,,8/0/5,10/1/3,8/5/0,1/0/1,3/4/1,2/0/1,1/0/0
r426,0.95,0.2,0.1,True,True,False,181,38,25,63,0,True,,8/0/5,10/1/3,8/5/0,1/0/1,3/4/1,2/0/1,1/0/0
r427,0.95,0.2,0.1,True,False,True,181,38,25,63,0,True,,8/0/5,10/1/3,8/5/0,1/0/1,3/4/1,2/0/1,1/0/0
r428,0.95,0.2,0.1,True,False,False,181,38,25,63,0,True,,8/0/5,10/1/3,8/5/0,1/0/1,3/4/1,2/0/1,1/0/0
r429,0.95,0.2,0.1,False,True,True,181,38,25,63,0,True,,8/0/5,10/1/3,8/5/0,1/0/1,3/4/1,2/0/1,1/0/0
r430,0.95,0.2,0.1,False,True,False,181,38,25,63,0,True,,8/0/5,10/1/3,8/5/0,1/0/1,3/4/1,2/0/1,1/0/0
r431,0.95,0.2,0.1,False,False,True,181,38,25,63,0,True,,8/0/5,10/1/3,8/5/0,1/0/1,3/4/1,2/0/1,1/0/0
r432,0.95,0.2,0.1,False,False,False,181,38,25,63,0,True,,8/0/5,10/1/3,8/5/0,1/0/1,3/4/1,2/0/1,1/0/0
r433,0.95,0.2,0.2,True,True,True,181,38,25,63,0,True,,8/0/5,10/1/3,8/5/0,1/0/1,3/4/1,2/0/1,1/0/0
r434,0.95,0.2,0.2,True,True,False,181,38,25,63,0,True,,8/0/5,10/1/3,8/5/0,1/0/1,3/4/1,2/0/1,1/0/0
r435,0.95,0.2,0.2,True,False,True,181,38,25,63,0,True,,8/0/5,10/1/3,8/5/0,1/0/1,3/4/1,2/0/1,1/0/0
r436,0.95,0.2,0.2,True,False,False,181,38,25,63,0,True,,8/0/5,10/1/3,8/5/0,1/0/1,3/4/1,2/0/1,1/0/0
r437,0.95,0.2,0.2,False,True,True,181,38,25,63,0,True,,8/0/5,10/1/3,8/5/0,1/0/1,3/4/1,2/0/1,1/0/0
r438,0.95,0.2,0.2,False,True,False,181,38,25,63,0,True,,8/0/5,10/1/3,8/5/0,1/0/1,3/4/1,2/0/1,1/0/0
r439,0.95,0.2,0.2,False,False,True,181,38,25,63,0,True,,8/0/5,10/1/3,8/5/0,1/0/1,3/4/1,2/0/1,1/0/0
r440,0.95,0.2,0.2,False,False,False,181,38,25,63,0,True,,8/0/5,10/1/3,8/5/0,1/0/1,3/4/1,2/0/1,1/0/0
r441,0.95,0.2,0.3,True,True,True,181,38,25,63,0,True,,8/0/5,10/1/3,8/5/0,1/0/1,3/4/1,2/0/1,1/0/0
r442,0.95,0.2,0.3,True,True,False,181,38,25,63,0,True,,8/0/5,10/1/3,8/5/0,1/0/1,3/4/1,2/0/1,1/0/0
r443,0.95,0.2,0.3,True,False,True,181,38,25,63,0,True,,8/0/5,10/1/3,8/5/0,1/0/1,3/4/1,2/0/1,1/0/0
r444,0.95,0.2,0.3,True,False,False,181,38,25,63,0,True,,8/0/5,10/1/3,8/5/0,1/0/1,3/4/1,2/0/1,1/0/0
r445,0.95,0.2,0.3,False,True,True,181,38,25,63,0,True,,8/0/5,10/1/3,8/5/0,1/0/1,3/4/1,2/0/1,1/0/0
r446,0.95,0.2,0.3,False,True,False,181,38,25,63,0,True,,8/0/5,10/1/3,8/5/0,1/0/1,3/4/1,2/0/1,1/0/0
r447,0.95,0.2,0.3,False,False,True,181,38,25,63,0,True,,8/0/5,10/1/3,8/5/0,1/0/1,3/4/1,2/0/1,1/0/0
r448,0.95,0.2,0.3,False,False,False,181,38,25,63,0,True,,8/0/5,10/1/3,8/5/0,1/0/1,3/4/1,2/0/1,1/0/0
r449,0.95,0.3,0.05,True,True,True,181,38,25,63,0,True,,8/0/5,10/1/3,8/5/0,1/0/1,3/4/1,2/0/1,1/0/0
r450,0.95,0.3,0.05,True,True,False,181,38,25,63,0,True,,8/0/5,10/1/3,8/5/0,1/0/1,3/4/1,2/0/1,1/0/0
r451,0.95,0.3,0.05,True,False,True,181,38,25,63,0,True,,8/0/5,10/1/3,8/5/0,1/0/1,3/4/1,2/0/1,1/0/0
r452,0.95,0.3,0.05,True,False,False,181,38,25,63,0,True,,8/0/5,10/1/3,8/5/0,1/0/1,3/4/1,2/0/1,1/0/0
r453,0.95,0.3,0.05,False,True,True,181,38,25,63,0,True,,8/0/5,10/1/3,8/5/0,1/0/1,3/4/1,2/0/1,1/0/0
r454,0.95,0.3,0.05,False,True,False,181,38,25,63,0,True,,8/0/5,10/1/3,8/5/0,1/0/1,3/4/1,2/0/1,1/0/0
r455,0.95,0.3,0.05,False,False,True,181,38,25,63,0,True,,8/0/5,10/1/3,8/5/0,1/0/1,3/4/1,2/0/1,1/0/0
r456,0.95,0.3,0.05,False,False,False,181,38,25,63,0,True,,8/0/5,10/1/3,8/5/0,1/0/1,3/4/1,2/0/1,1/0/0
r457,0.95,0.3,0.1,True,True,True,181,38,25,63,0,True,,8/0/5,10/1/3,8/5/0,1/0/1,3/4/1,2/0/1,1/0/0
r458,0.95,0.3,0.1,True,True,False,181,38,25,63,0,True,,8/0/5,10/1/3,8/5/0,1/0/1,3/4/1,2/0/1,1/0/0
r459,0.95,0.3,0.1,True,False,True,181,38,25,63,0,True,,8/0/5,10/1/3,8/5/0,1/0/1,3/4/1,2/0/1,1/0/0
r460,0.95,0.3,0.1,True,False,False,181,38,25,63,0,True,,8/0/5,10/1/3,8/5/0,1/0/1,3/4/1,2/0/1,1/0/0
r461,0.95,0.3,0.1,False,True,True,181,38,25,63,0,True,,8/0/5,10/1/3,8/5/0,1/0/1,3/4/1,2/0/1,1/0/0
r462,0.95,0.3,0.1,False,True,False,181,38,25,63,0,True,,8/0/5,10/1/3,8/5/0,1/0/1,3/4/1,2/0/1,1/0/0
r463,0.95,0.3,0.1,False,False,True,181,38,25,63,0,True,,8/0/5,10/1/3,8/5/0,1/0/1,3/4/1,2/0/1,1/0/0
r464,0.95,0.3,0.1,False,False,False,181,38,25,63,0,True,,8/0/5,10/1/3,8/5/0,1/0/1,3/4/1,2/0/1,1/0/0
r465,0.95,0.3,0.2,True,True,True,181,38,25,63,0,True,,8/0/5,10/1/3,8/5/0,1/0/1,3/4/1,2/0/1,1/0/0
r466,0.95,0.3,0.2,True,True,False,181,38,25,63,0,True,,8/0/5,10/1/3,8/5/0,1/0/1,3/4/1,2/0/1,1/0/0
r467,0.95,0.3,0.2,True,False,True,181,38,25,63,0,True,,8/0/5,10/1/3,8/5/0,1/0/1,3/4/1,2/0/1,1/0/0
r468,0.95,0.3,0.2,True,False,False,181,38,25,63,0,True,,8/0/5,10/1/3,8/5/0,1/0/1,3/4/1,2/0/1,1/0/0
r469,0.95,0.3,0.2,False,True,True,181,38,25,63,0,True,,8/0/5,10/1/3,8/5/0,1/0/1,3/4/1,2/0/1,1/0/0
r470,0.95,0.3,0.2,False,True,False,181,38,25,63,0,True,,8/0/5,10/1/3,8/5/0,1/0/1,3/4/1,2/0/1,1/0/0
r471,0.95,0.3,0.2,False,False,True,181,38,25,63,0,True,,8/0/5,10/1/3,8/5/0,1/0/1,3/4/1,2/0/1,1/0/0
r472,0.95,0.3,0.2,False,False,False,181,38,25,63,0,True,,8/0/5,10/1/3,8/5/0,1/0/1,3/4/1,2/0/1,1/0/0
r473,0.95,0.3,0.3,True,True,True,181,38,25,63,0,True,,8/0/5,10/1/3,8/5/0,1/0/1,3/4/1,2/0/1,1/0/0
r474,0.95,0.3,0.3,True,True,False,181,38,25,63,0,True,,8/0/5,10/1/3,8/5/0,1/0/1,3/4/1,2/0/1,1/0/0
r475,0.95,0.3,0.3,True,False,True,181,38,25,63,0,True,,8/0/5,10/1/3,8/5/0,1/0/1,3/4/1,2/0/1,1/0/0
r476,0.95,0.3,0.3,True,False,False,181,38,25,63,0,True,,8/0/5,10/1/3,8/5/0,1/0/1,3/4/1,2/0/1,1/0/0
r477,0.95,0.3,0.3,False,True,True,181,38,25,63,0,True,,8/0/5,10/1/3,8/5/0,1/0/1,3/4/1,2/0/1,1/0/0
r478,0.95,0.3,0.3,False,True,False,181,38,25,63,0,True,,8/0/5,10/1/3,8/5/0,1/0/1,3/4/1,2/0/1,1/0/0
r479,0.95,0.3,0.3,False,False,True,181,38,25,63,0,True,,8/0/5,10/1/3,8/5/0,1/0/1,3/4/1,2/0/1,1/0/0
r480,0.95,0.3,0.3,False,False,False,181,38,25,63,0,True,,8/0/5,10/1/3,8/5/0,1/0/1,3/4/1,2/0/1,1/0/0
r481,0.95,0.5,0.05,True,True,True,181,38,25,63,0,True,,8/0/5,10/1/3,8/5/0,1/0/1,3/4/1,2/0/1,1/0/0
r482,0.95,0.5,0.05,True,True,False,181,38,25,63,0,True,,8/0/5,10/1/3,8/5/0,1/0/1,3/4/1,2/0/1,1/0/0
r483,0.95,0.5,0.05,True,False,True,181,38,25,63,0,True,,8/0/5,10/1/3,8/5/0,1/0/1,3/4/1,2/0/1,1/0/0
r484,0.95,0.5,0.05,True,False,False,181,38,25,63,0,True,,8/0/5,10/1/3,8/5/0,1/0/1,3/4/1,2/0/1,1/0/0
r485,0.95,0.5,0.05,False,True,True,181,38,25,63,0,True,,8/0/5,10/1/3,8/5/0,1/0/1,3/4/1,2/0/1,1/0/0
r486,0.95,0.5,0.05,False,True,False,181,38,25,63,0,True,,8/0/5,10/1/3,8/5/0,1/0/1,3/4/1,2/0/1,1/0/0
r487,0.95,0.5,0.05,False,False,True,181,38,25,63,0,True,,8/0/5,10/1/3,8/5/0,1/0/1,3/4/1,2/0/1,1/0/0
r488,0.95,0.5,0.05,False,False,False,181,38,25,63,0,True,,8/0/5,10/1/3,8/5/0,1/0/1,3/4/1,2/0/1,1/0/0
r489,0.95,0.5,0.1,True,True,True,181,38,25,63,0,True,,8/0/5,10/1/3,8/5/0,1/0/1,3/4/1,2/0/1,1/0/0
r490,0.95,0.5,0.1,True,True,False,181,38,25,63,0,True,,8/0/5,10/1/3,8/5/0,1/0/1,3/4/1,2/0/1,1/0/0
r491,0.95,0.5,0.1,True,False,True,181,38,25,63,0,True,,8/0/5,10/1/3,8/5/0,1/0/1,3/4/1,2/0/1,1/0/0
r492,0.95,0.5,0.1,True,False,False,181,38,25,63,0,True,,8/0/5,10/1/3,8/5/0,1/0/1,3/4/1,2/0/1,1/0/0
r493,0.95,0.5,0.1,False,True,True,181,38,25,63,0,True,,8/0/5,10/1/3,8/5/0,1/0/1,3/4/1,2/0/1,1/0/0
r494,0.95,0.5,0.1,False,True,False,181,38,25,63,0,True,,8/0/5,10/1/3,8/5/0,1/0/1,3/4/1,2/0/1,1/0/0
r495,0.95,0.5,0.1,False,False,True,181,38,25,63,0,True,,8/0/5,10/1/3,8/5/0,1/0/1,3/4/1,2/0/1,1/0/0
r496,0.95,0.5,0.1,False,False,False,181,38,25,63,0,True,,8/0/5,10/1/3,8/5/0,1/0/1,3/4/1,2/0/1,1/0/0
r497,0.95,0.5,0.2,True,True,True,181,38,25,63,0,True,,8/0/5,10/1/3,8/5/0,1/0/1,3/4/1,2/0/1,1/0/0
r498,0.95,0.5,0.2,True,True,False,181,38,25,63,0,True,,8/0/5,10/1/3,8/5/0,1/0/1,3/4/1,2/0/1,1/0/0
r499,0.95,0.5,0.2,True,False,True,181,38,25,63,0,True,,8/0/5,10/1/3,8/5/0,1/0/1,3/4/1,2/0/1,1/0/0
r500,0.95,0.5,0.2,True,False,False,181,38,25,63,0,True,,8/0/5,10/1/3,8/5/0,1/0/1,3/4/1,2/0/1,1/0/0
r501,0.95,0.5,0.2,False,True,True,181,38,25,63,0,True,,8/0/5,10/1/3,8/5/0,1/0/1,3/4/1,2/0/1,1/0/0
r502,0.95,0.5,0.2,False,True,False,181,38,25,63,0,True,,8/0/5,10/1/3,8/5/0,1/0/1,3/4/1,2/0/1,1/0/0
r503,0.95,0.5,0.2,False,False,True,181,38,25,63,0,True,,8/0/5,10/1/3,8/5/0,1/0/1,3/4/1,2/0/1,1/0/0
r504,0.95,0.5,0.2,False,False,False,181,38,25,63,0,True,,8/0/5,10/1/3,8/5/0,1/0/1,3/4/1,2/0/1,1/0/0
r505,0.95,0.5,0.3,True,True,True,181,38,25,63,0,True,,8/0/5,10/1/3,8/5/0,1/0/1,3/4/1,2/0/1,1/0/0
r506,0.95,0.5,0.3,True,True,False,181,38,25,63,0,True,,8/0/5,10/1/3,8/5/0,1/0/1,3/4/1,2/0/1,1/0/0
r507,0.95,0.5,0.3,True,False,True,181,38,25,63,0,True,,8/0/5,10/1/3,8/5/0,1/0/1,3/4/1,2/0/1,1/0/0
r508,0.95,0.5,0.3,True,False,False,181,38,25,63,0,True,,8/0/5,10/1/3,8/5/0,1/0/1,3/4/1,2/0/1,1/0/0
r509,0.95,0.5,0.3,False,True,True,181,38,25,63,0,True,,8/0/5,10/1/3,8/5/0,1/0/1,3/4/1,2/0/1,1/0/0
r510,0.95,0.5,0.3,False,True,False,181,38,25,63,0,True,,8/0/5,10/1/3,8/5/0,1/0/1,3/4/1,2/0/1,1/0/0
r511,0.95,0.5,0.3,False,False,True,181,38,25,63,0,True,,8/0/5,10/1/3,8/5/0,1/0/1,3/4/1,2/0/1,1/0/0
r512,0.95,0.5,0.3,False,False,False,181,38,25,63,0,True,,8/0/5,10/1/3,8/5/0,1/0/1,3/4/1,2/0/1,1/0/0
