case_id,contact_sheet_path,crop_path,crop_status,distance_to_nearest_prediction_center,image_filename,iou_with_nearest_prediction,likely_recoverable_by,nearest_predicted_label,nearest_prediction_bbox,nearest_prediction_target_type,primary_failure_class,recovery_reason,reference_area,reference_area_ratio,reference_bbox,reference_label,reference_position,reviewer_note,risk_to_case_110,risk_to_controls_155_166_office,risk_to_dense_cases,target_type,taxonomy_tags
11,/home/williambenitez1/Capstone_worktrees/1.2_feat__qwen3-vl-8b-instruct__two-pass-refinement/docs/prompt-lab/qwen-v015-human-report-strategy/experiments/automation/human_report_challenge_v2_prompt_iteration_workflow/cycle_001/main_promotion/v017b_prompt_only_main_promotion/v048_fp8_fn_recovery_crop_verifier_loop/review_images/local_only_fn_class_building_or_structure_piece.jpg,/home/williambenitez1/Capstone_worktrees/1.2_feat__qwen3-vl-8b-instruct__two-pass-refinement/docs/prompt-lab/qwen-v015-human-report-strategy/experiments/automation/human_report_challenge_v2_prompt_iteration_workflow/cycle_001/main_promotion/v017b_prompt_only_main_promotion/v048_fp8_fn_recovery_crop_verifier_loop/review_images/local_only_fn_crops/local_only_fn_case_11_target_1_buildings.jpg,generated_local_only,,11.jpg,,,,,,building_or_structure_piece,,,,"[0.0, 200.0, 720.0, 801.0]",target_1,,,,,,buildings,
14,/home/williambenitez1/Capstone_worktrees/1.2_feat__qwen3-vl-8b-instruct__two-pass-refinement/docs/prompt-lab/qwen-v015-human-report-strategy/experiments/automation/human_report_challenge_v2_prompt_iteration_workflow/cycle_001/main_promotion/v017b_prompt_only_main_promotion/v048_fp8_fn_recovery_crop_verifier_loop/review_images/local_only_fn_class_adjacent_target_confusion.jpg,/home/williambenitez1/Capstone_worktrees/1.2_feat__qwen3-vl-8b-instruct__two-pass-refinement/docs/prompt-lab/qwen-v015-human-report-strategy/experiments/automation/human_report_challenge_v2_prompt_iteration_workflow/cycle_001/main_promotion/v017b_prompt_only_main_promotion/v048_fp8_fn_recovery_crop_verifier_loop/review_images/local_only_fn_crops/local_only_fn_case_14_target_1_military_equipment.jpg,generated_local_only,,14.jpg,,,,,,adjacent_target_confusion,,,,"[326.0, 247.0, 498.0, 433.0]",target_1,,,,,,military_equipment,
20,/home/williambenitez1/Capstone_worktrees/1.2_feat__qwen3-vl-8b-instruct__two-pass-refinement/docs/prompt-lab/qwen-v015-human-report-strategy/experiments/automation/human_report_challenge_v2_prompt_iteration_workflow/cycle_001/main_promotion/v017b_prompt_only_main_promotion/v048_fp8_fn_recovery_crop_verifier_loop/review_images/local_only_fn_class_building_or_structure_piece.jpg,/home/williambenitez1/Capstone_worktrees/1.2_feat__qwen3-vl-8b-instruct__two-pass-refinement/docs/prompt-lab/qwen-v015-human-report-strategy/experiments/automation/human_report_challenge_v2_prompt_iteration_workflow/cycle_001/main_promotion/v017b_prompt_only_main_promotion/v048_fp8_fn_recovery_crop_verifier_loop/review_images/local_only_fn_crops/local_only_fn_case_20_target_2_buildings.jpg,generated_local_only,,20.jpg,,,,,,building_or_structure_piece,,,,"[1291.0, 408.0, 1433.0, 550.0]",target_2,,,,,,buildings,
21,/home/williambenitez1/Capstone_worktrees/1.2_feat__qwen3-vl-8b-instruct__two-pass-refinement/docs/prompt-lab/qwen-v015-human-report-strategy/experiments/automation/human_report_challenge_v2_prompt_iteration_workflow/cycle_001/main_promotion/v017b_prompt_only_main_promotion/v048_fp8_fn_recovery_crop_verifier_loop/review_images/local_only_fn_class_building_or_structure_piece.jpg,/home/williambenitez1/Capstone_worktrees/1.2_feat__qwen3-vl-8b-instruct__two-pass-refinement/docs/prompt-lab/qwen-v015-human-report-strategy/experiments/automation/human_report_challenge_v2_prompt_iteration_workflow/cycle_001/main_promotion/v017b_prompt_only_main_promotion/v048_fp8_fn_recovery_crop_verifier_loop/review_images/local_only_fn_crops/local_only_fn_case_21_target_3_buildings.jpg,generated_local_only,,21.jpg,,,,,,building_or_structure_piece,,,,"[3.0, 213.0, 96.0, 312.0]",target_3,,,,,,buildings,
40,/home/williambenitez1/Capstone_worktrees/1.2_feat__qwen3-vl-8b-instruct__two-pass-refinement/docs/prompt-lab/qwen-v015-human-report-strategy/experiments/automation/human_report_challenge_v2_prompt_iteration_workflow/cycle_001/main_promotion/v017b_prompt_only_main_promotion/v048_fp8_fn_recovery_crop_verifier_loop/review_images/local_only_fn_class_building_or_structure_piece.jpg,,missing_source_image,0.31813,40.png,0.268607,C,target_0,"[0.0, 0.0, 792.0, 306.0]",buildings,building_or_structure_piece,crop-level verifier can separate reference building pieces from ambiguous structure context,65912.0,0.187016,"[0.0, 1.0, 214.0, 309.0]",target_1,middle_left,"Initial geometry inventory; crop review should decide whether this is visually obvious, ambiguous, or verifier-needed.",false,false,false,buildings,building_or_structure_piece;edge_or_boundary_target;adjacent_target_confusion
42,/home/williambenitez1/Capstone_worktrees/1.2_feat__qwen3-vl-8b-instruct__two-pass-refinement/docs/prompt-lab/qwen-v015-human-report-strategy/experiments/automation/human_report_challenge_v2_prompt_iteration_workflow/cycle_001/main_promotion/v017b_prompt_only_main_promotion/v048_fp8_fn_recovery_crop_verifier_loop/review_images/local_only_fn_class_adjacent_target_confusion.jpg,/home/williambenitez1/Capstone_worktrees/1.2_feat__qwen3-vl-8b-instruct__two-pass-refinement/docs/prompt-lab/qwen-v015-human-report-strategy/experiments/automation/human_report_challenge_v2_prompt_iteration_workflow/cycle_001/main_promotion/v017b_prompt_only_main_promotion/v048_fp8_fn_recovery_crop_verifier_loop/review_images/local_only_fn_crops/local_only_fn_case_42_target_2_military_equipment.jpg,generated_local_only,,42.png,,,,,,adjacent_target_confusion,,,,"[1221.0, 228.0, 1918.0, 711.0]",target_2,,,,,,military_equipment,
44,/home/williambenitez1/Capstone_worktrees/1.2_feat__qwen3-vl-8b-instruct__two-pass-refinement/docs/prompt-lab/qwen-v015-human-report-strategy/experiments/automation/human_report_challenge_v2_prompt_iteration_workflow/cycle_001/main_promotion/v017b_prompt_only_main_promotion/v048_fp8_fn_recovery_crop_verifier_loop/review_images/local_only_fn_class_adjacent_target_confusion.jpg,/home/williambenitez1/Capstone_worktrees/1.2_feat__qwen3-vl-8b-instruct__two-pass-refinement/docs/prompt-lab/qwen-v015-human-report-strategy/experiments/automation/human_report_challenge_v2_prompt_iteration_workflow/cycle_001/main_promotion/v017b_prompt_only_main_promotion/v048_fp8_fn_recovery_crop_verifier_loop/review_images/local_only_fn_crops/local_only_fn_case_44_target_1_military_equipment.jpg,generated_local_only,,44.jpg,,,,,,adjacent_target_confusion,,,,"[7.0, 415.0, 443.0, 815.0]",target_1,,,,,,military_equipment,
44,/home/williambenitez1/Capstone_worktrees/1.2_feat__qwen3-vl-8b-instruct__two-pass-refinement/docs/prompt-lab/qwen-v015-human-report-strategy/experiments/automation/human_report_challenge_v2_prompt_iteration_workflow/cycle_001/main_promotion/v017b_prompt_only_main_promotion/v048_fp8_fn_recovery_crop_verifier_loop/review_images/local_only_fn_class_adjacent_target_confusion.jpg,/home/williambenitez1/Capstone_worktrees/1.2_feat__qwen3-vl-8b-instruct__two-pass-refinement/docs/prompt-lab/qwen-v015-human-report-strategy/experiments/automation/human_report_challenge_v2_prompt_iteration_workflow/cycle_001/main_promotion/v017b_prompt_only_main_promotion/v048_fp8_fn_recovery_crop_verifier_loop/review_images/local_only_fn_crops/local_only_fn_case_44_target_3_military_equipment.jpg,generated_local_only,,44.jpg,,,,,,adjacent_target_confusion,,,,"[529.0, 709.0, 1179.0, 1110.0]",target_3,,,,,,military_equipment,
53,/home/williambenitez1/Capstone_worktrees/1.2_feat__qwen3-vl-8b-instruct__two-pass-refinement/docs/prompt-lab/qwen-v015-human-report-strategy/experiments/automation/human_report_challenge_v2_prompt_iteration_workflow/cycle_001/main_promotion/v017b_prompt_only_main_promotion/v048_fp8_fn_recovery_crop_verifier_loop/review_images/local_only_fn_class_adjacent_target_confusion.jpg,/home/williambenitez1/Capstone_worktrees/1.2_feat__qwen3-vl-8b-instruct__two-pass-refinement/docs/prompt-lab/qwen-v015-human-report-strategy/experiments/automation/human_report_challenge_v2_prompt_iteration_workflow/cycle_001/main_promotion/v017b_prompt_only_main_promotion/v048_fp8_fn_recovery_crop_verifier_loop/review_images/local_only_fn_crops/local_only_fn_case_53_target_3_military_equipment.jpg,generated_local_only,,53.jpg,,,,,,adjacent_target_confusion,,,,"[1379.0, 603.0, 1841.0, 758.0]",target_3,,,,,,military_equipment,
67,/home/williambenitez1/Capstone_worktrees/1.2_feat__qwen3-vl-8b-instruct__two-pass-refinement/docs/prompt-lab/qwen-v015-human-report-strategy/experiments/automation/human_report_challenge_v2_prompt_iteration_workflow/cycle_001/main_promotion/v017b_prompt_only_main_promotion/v048_fp8_fn_recovery_crop_verifier_loop/review_images/local_only_fn_class_dense_valid_target_missed.jpg,/home/williambenitez1/Capstone_worktrees/1.2_feat__qwen3-vl-8b-instruct__two-pass-refinement/docs/prompt-lab/qwen-v015-human-report-strategy/experiments/automation/human_report_challenge_v2_prompt_iteration_workflow/cycle_001/main_promotion/v017b_prompt_only_main_promotion/v048_fp8_fn_recovery_crop_verifier_loop/review_images/local_only_fn_crops/local_only_fn_case_67_target_5_military_equipment.jpg,generated_local_only,,67.jpg,,,,,,dense_valid_target_missed,,,,"[185.0, 184.0, 201.0, 200.0]",target_5,,,,,,military_equipment,
70,/home/williambenitez1/Capstone_worktrees/1.2_feat__qwen3-vl-8b-instruct__two-pass-refinement/docs/prompt-lab/qwen-v015-human-report-strategy/experiments/automation/human_report_challenge_v2_prompt_iteration_workflow/cycle_001/main_promotion/v017b_prompt_only_main_promotion/v048_fp8_fn_recovery_crop_verifier_loop/review_images/local_only_fn_class_building_or_structure_piece.jpg,/home/williambenitez1/Capstone_worktrees/1.2_feat__qwen3-vl-8b-instruct__two-pass-refinement/docs/prompt-lab/qwen-v015-human-report-strategy/experiments/automation/human_report_challenge_v2_prompt_iteration_workflow/cycle_001/main_promotion/v017b_prompt_only_main_promotion/v048_fp8_fn_recovery_crop_verifier_loop/review_images/local_only_fn_crops/local_only_fn_case_70_target_2_buildings.jpg,generated_local_only,,70.jpg,,,,,,building_or_structure_piece,,,,"[135.0, 1.0, 588.0, 278.0]",target_2,,,,,,buildings,
76,/home/williambenitez1/Capstone_worktrees/1.2_feat__qwen3-vl-8b-instruct__two-pass-refinement/docs/prompt-lab/qwen-v015-human-report-strategy/experiments/automation/human_report_challenge_v2_prompt_iteration_workflow/cycle_001/main_promotion/v017b_prompt_only_main_promotion/v048_fp8_fn_recovery_crop_verifier_loop/review_images/local_only_fn_class_building_or_structure_piece.jpg,/home/williambenitez1/Capstone_worktrees/1.2_feat__qwen3-vl-8b-instruct__two-pass-refinement/docs/prompt-lab/qwen-v015-human-report-strategy/experiments/automation/human_report_challenge_v2_prompt_iteration_workflow/cycle_001/main_promotion/v017b_prompt_only_main_promotion/v048_fp8_fn_recovery_crop_verifier_loop/review_images/local_only_fn_crops/local_only_fn_case_76_target_1_buildings.jpg,generated_local_only,,76.jpg,,,,,,building_or_structure_piece,,,,"[403.0, 488.0, 801.0, 939.0]",target_1,,,,,,buildings,
76,/home/williambenitez1/Capstone_worktrees/1.2_feat__qwen3-vl-8b-instruct__two-pass-refinement/docs/prompt-lab/qwen-v015-human-report-strategy/experiments/automation/human_report_challenge_v2_prompt_iteration_workflow/cycle_001/main_promotion/v017b_prompt_only_main_promotion/v048_fp8_fn_recovery_crop_verifier_loop/review_images/local_only_fn_class_building_or_structure_piece.jpg,/home/williambenitez1/Capstone_worktrees/1.2_feat__qwen3-vl-8b-instruct__two-pass-refinement/docs/prompt-lab/qwen-v015-human-report-strategy/experiments/automation/human_report_challenge_v2_prompt_iteration_workflow/cycle_001/main_promotion/v017b_prompt_only_main_promotion/v048_fp8_fn_recovery_crop_verifier_loop/review_images/local_only_fn_crops/local_only_fn_case_76_target_2_buildings.jpg,generated_local_only,,76.jpg,,,,,,building_or_structure_piece,,,,"[826.0, 679.0, 936.0, 971.0]",target_2,,,,,,buildings,
84,/home/williambenitez1/Capstone_worktrees/1.2_feat__qwen3-vl-8b-instruct__two-pass-refinement/docs/prompt-lab/qwen-v015-human-report-strategy/experiments/automation/human_report_challenge_v2_prompt_iteration_workflow/cycle_001/main_promotion/v017b_prompt_only_main_promotion/v048_fp8_fn_recovery_crop_verifier_loop/review_images/local_only_fn_class_dense_valid_target_missed.jpg,/home/williambenitez1/Capstone_worktrees/1.2_feat__qwen3-vl-8b-instruct__two-pass-refinement/docs/prompt-lab/qwen-v015-human-report-strategy/experiments/automation/human_report_challenge_v2_prompt_iteration_workflow/cycle_001/main_promotion/v017b_prompt_only_main_promotion/v048_fp8_fn_recovery_crop_verifier_loop/review_images/local_only_fn_crops/local_only_fn_case_84_target_7_military_equipment.jpg,generated_local_only,,84.jpg,,,,,,dense_valid_target_missed,,,,"[72.0, 184.0, 82.0, 244.0]",target_7,,,,,,military_equipment,
84,/home/williambenitez1/Capstone_worktrees/1.2_feat__qwen3-vl-8b-instruct__two-pass-refinement/docs/prompt-lab/qwen-v015-human-report-strategy/experiments/automation/human_report_challenge_v2_prompt_iteration_workflow/cycle_001/main_promotion/v017b_prompt_only_main_promotion/v048_fp8_fn_recovery_crop_verifier_loop/review_images/local_only_fn_class_dense_valid_target_missed.jpg,/home/williambenitez1/Capstone_worktrees/1.2_feat__qwen3-vl-8b-instruct__two-pass-refinement/docs/prompt-lab/qwen-v015-human-report-strategy/experiments/automation/human_report_challenge_v2_prompt_iteration_workflow/cycle_001/main_promotion/v017b_prompt_only_main_promotion/v048_fp8_fn_recovery_crop_verifier_loop/review_images/local_only_fn_crops/local_only_fn_case_84_target_8_military_equipment.jpg,generated_local_only,,84.jpg,,,,,,dense_valid_target_missed,,,,"[58.0, 204.0, 68.0, 240.0]",target_8,,,,,,military_equipment,
84,/home/williambenitez1/Capstone_worktrees/1.2_feat__qwen3-vl-8b-instruct__two-pass-refinement/docs/prompt-lab/qwen-v015-human-report-strategy/experiments/automation/human_report_challenge_v2_prompt_iteration_workflow/cycle_001/main_promotion/v017b_prompt_only_main_promotion/v048_fp8_fn_recovery_crop_verifier_loop/review_images/local_only_fn_class_dense_valid_target_missed.jpg,/home/williambenitez1/Capstone_worktrees/1.2_feat__qwen3-vl-8b-instruct__two-pass-refinement/docs/prompt-lab/qwen-v015-human-report-strategy/experiments/automation/human_report_challenge_v2_prompt_iteration_workflow/cycle_001/main_promotion/v017b_prompt_only_main_promotion/v048_fp8_fn_recovery_crop_verifier_loop/review_images/local_only_fn_crops/local_only_fn_case_84_target_9_military_equipment.jpg,generated_local_only,,84.jpg,,,,,,dense_valid_target_missed,,,,"[53.0, 208.0, 64.0, 238.0]",target_9,,,,,,military_equipment,
84,/home/williambenitez1/Capstone_worktrees/1.2_feat__qwen3-vl-8b-instruct__two-pass-refinement/docs/prompt-lab/qwen-v015-human-report-strategy/experiments/automation/human_report_challenge_v2_prompt_iteration_workflow/cycle_001/main_promotion/v017b_prompt_only_main_promotion/v048_fp8_fn_recovery_crop_verifier_loop/review_images/local_only_fn_class_dense_valid_target_missed.jpg,/home/williambenitez1/Capstone_worktrees/1.2_feat__qwen3-vl-8b-instruct__two-pass-refinement/docs/prompt-lab/qwen-v015-human-report-strategy/experiments/automation/human_report_challenge_v2_prompt_iteration_workflow/cycle_001/main_promotion/v017b_prompt_only_main_promotion/v048_fp8_fn_recovery_crop_verifier_loop/review_images/local_only_fn_crops/local_only_fn_case_84_target_10_military_equipment.jpg,generated_local_only,,84.jpg,,,,,,dense_valid_target_missed,,,,"[691.0, 127.0, 765.0, 332.0]",target_10,,,,,,military_equipment,
84,/home/williambenitez1/Capstone_worktrees/1.2_feat__qwen3-vl-8b-instruct__two-pass-refinement/docs/prompt-lab/qwen-v015-human-report-strategy/experiments/automation/human_report_challenge_v2_prompt_iteration_workflow/cycle_001/main_promotion/v017b_prompt_only_main_promotion/v048_fp8_fn_recovery_crop_verifier_loop/review_images/local_only_fn_class_dense_valid_target_missed.jpg,/home/williambenitez1/Capstone_worktrees/1.2_feat__qwen3-vl-8b-instruct__two-pass-refinement/docs/prompt-lab/qwen-v015-human-report-strategy/experiments/automation/human_report_challenge_v2_prompt_iteration_workflow/cycle_001/main_promotion/v017b_prompt_only_main_promotion/v048_fp8_fn_recovery_crop_verifier_loop/review_images/local_only_fn_crops/local_only_fn_case_84_target_11_military_equipment.jpg,generated_local_only,,84.jpg,,,,,,dense_valid_target_missed,,,,"[0.0, 190.0, 12.0, 236.0]",target_11,,,,,,military_equipment,
95,/home/williambenitez1/Capstone_worktrees/1.2_feat__qwen3-vl-8b-instruct__two-pass-refinement/docs/prompt-lab/qwen-v015-human-report-strategy/experiments/automation/human_report_challenge_v2_prompt_iteration_workflow/cycle_001/main_promotion/v017b_prompt_only_main_promotion/v048_fp8_fn_recovery_crop_verifier_loop/review_images/local_only_fn_class_building_or_structure_piece.jpg,/home/williambenitez1/Capstone_worktrees/1.2_feat__qwen3-vl-8b-instruct__two-pass-refinement/docs/prompt-lab/qwen-v015-human-report-strategy/experiments/automation/human_report_challenge_v2_prompt_iteration_workflow/cycle_001/main_promotion/v017b_prompt_only_main_promotion/v048_fp8_fn_recovery_crop_verifier_loop/review_images/local_only_fn_crops/local_only_fn_case_95_target_2_buildings.jpg,generated_local_only,,95.jpg,,,,,,building_or_structure_piece,,,,"[1.0, 8.0, 895.0, 476.0]",target_2,,,,,,buildings,
100,/home/williambenitez1/Capstone_worktrees/1.2_feat__qwen3-vl-8b-instruct__two-pass-refinement/docs/prompt-lab/qwen-v015-human-report-strategy/experiments/automation/human_report_challenge_v2_prompt_iteration_workflow/cycle_001/main_promotion/v017b_prompt_only_main_promotion/v048_fp8_fn_recovery_crop_verifier_loop/review_images/local_only_fn_class_building_or_structure_piece.jpg,/home/williambenitez1/Capstone_worktrees/1.2_feat__qwen3-vl-8b-instruct__two-pass-refinement/docs/prompt-lab/qwen-v015-human-report-strategy/experiments/automation/human_report_challenge_v2_prompt_iteration_workflow/cycle_001/main_promotion/v017b_prompt_only_main_promotion/v048_fp8_fn_recovery_crop_verifier_loop/review_images/local_only_fn_crops/local_only_fn_case_100_target_1_buildings.jpg,generated_local_only,,100.jpg,,,,,,building_or_structure_piece,,,,"[0.0, 37.0, 149.0, 574.0]",target_1,,,,,,buildings,
100,/home/williambenitez1/Capstone_worktrees/1.2_feat__qwen3-vl-8b-instruct__two-pass-refinement/docs/prompt-lab/qwen-v015-human-report-strategy/experiments/automation/human_report_challenge_v2_prompt_iteration_workflow/cycle_001/main_promotion/v017b_prompt_only_main_promotion/v048_fp8_fn_recovery_crop_verifier_loop/review_images/local_only_fn_class_building_or_structure_piece.jpg,/home/williambenitez1/Capstone_worktrees/1.2_feat__qwen3-vl-8b-instruct__two-pass-refinement/docs/prompt-lab/qwen-v015-human-report-strategy/experiments/automation/human_report_challenge_v2_prompt_iteration_workflow/cycle_001/main_promotion/v017b_prompt_only_main_promotion/v048_fp8_fn_recovery_crop_verifier_loop/review_images/local_only_fn_crops/local_only_fn_case_100_target_3_buildings.jpg,generated_local_only,,100.jpg,,,,,,building_or_structure_piece,,,,"[844.0, 4.0, 1078.0, 541.0]",target_3,,,,,,buildings,
102,/home/williambenitez1/Capstone_worktrees/1.2_feat__qwen3-vl-8b-instruct__two-pass-refinement/docs/prompt-lab/qwen-v015-human-report-strategy/experiments/automation/human_report_challenge_v2_prompt_iteration_workflow/cycle_001/main_promotion/v017b_prompt_only_main_promotion/v048_fp8_fn_recovery_crop_verifier_loop/review_images/local_only_fn_class_building_or_structure_piece.jpg,/home/williambenitez1/Capstone_worktrees/1.2_feat__qwen3-vl-8b-instruct__two-pass-refinement/docs/prompt-lab/qwen-v015-human-report-strategy/experiments/automation/human_report_challenge_v2_prompt_iteration_workflow/cycle_001/main_promotion/v017b_prompt_only_main_promotion/v048_fp8_fn_recovery_crop_verifier_loop/review_images/local_only_fn_crops/local_only_fn_case_102_target_1_buildings.jpg,generated_local_only,,102.jpg,,,,,,building_or_structure_piece,,,,"[270.0, 49.0, 1521.0, 738.0]",target_1,,,,,,buildings,
108,/home/williambenitez1/Capstone_worktrees/1.2_feat__qwen3-vl-8b-instruct__two-pass-refinement/docs/prompt-lab/qwen-v015-human-report-strategy/experiments/automation/human_report_challenge_v2_prompt_iteration_workflow/cycle_001/main_promotion/v017b_prompt_only_main_promotion/v048_fp8_fn_recovery_crop_verifier_loop/review_images/local_only_fn_class_building_or_structure_piece.jpg,/home/williambenitez1/Capstone_worktrees/1.2_feat__qwen3-vl-8b-instruct__two-pass-refinement/docs/prompt-lab/qwen-v015-human-report-strategy/experiments/automation/human_report_challenge_v2_prompt_iteration_workflow/cycle_001/main_promotion/v017b_prompt_only_main_promotion/v048_fp8_fn_recovery_crop_verifier_loop/review_images/local_only_fn_crops/local_only_fn_case_108_target_2_buildings.jpg,generated_local_only,,108.jpg,,,,,,building_or_structure_piece,,,,"[1297.0, 288.0, 1694.0, 478.0]",target_2,,,,,,buildings,
110,/home/williambenitez1/Capstone_worktrees/1.2_feat__qwen3-vl-8b-instruct__two-pass-refinement/docs/prompt-lab/qwen-v015-human-report-strategy/experiments/automation/human_report_challenge_v2_prompt_iteration_workflow/cycle_001/main_promotion/v017b_prompt_only_main_promotion/v048_fp8_fn_recovery_crop_verifier_loop/review_images/local_only_fn_class_smoke_or_debris_obscured.jpg,/home/williambenitez1/Capstone_worktrees/1.2_feat__qwen3-vl-8b-instruct__two-pass-refinement/docs/prompt-lab/qwen-v015-human-report-strategy/experiments/automation/human_report_challenge_v2_prompt_iteration_workflow/cycle_001/main_promotion/v017b_prompt_only_main_promotion/v048_fp8_fn_recovery_crop_verifier_loop/review_images/local_only_fn_crops/local_only_fn_case_110_target_4_military_equipment.jpg,generated_local_only,,110.jpg,,,,,,smoke_or_debris_obscured,,,,"[151.0, 42.0, 168.0, 65.0]",target_4,,,,,,military_equipment,
110,/home/williambenitez1/Capstone_worktrees/1.2_feat__qwen3-vl-8b-instruct__two-pass-refinement/docs/prompt-lab/qwen-v015-human-report-strategy/experiments/automation/human_report_challenge_v2_prompt_iteration_workflow/cycle_001/main_promotion/v017b_prompt_only_main_promotion/v048_fp8_fn_recovery_crop_verifier_loop/review_images/local_only_fn_class_smoke_or_debris_obscured.jpg,/home/williambenitez1/Capstone_worktrees/1.2_feat__qwen3-vl-8b-instruct__two-pass-refinement/docs/prompt-lab/qwen-v015-human-report-strategy/experiments/automation/human_report_challenge_v2_prompt_iteration_workflow/cycle_001/main_promotion/v017b_prompt_only_main_promotion/v048_fp8_fn_recovery_crop_verifier_loop/review_images/local_only_fn_crops/local_only_fn_case_110_target_5_military_equipment.jpg,generated_local_only,,110.jpg,,,,,,smoke_or_debris_obscured,,,,"[150.0, 25.0, 169.0, 43.0]",target_5,,,,,,military_equipment,
110,/home/williambenitez1/Capstone_worktrees/1.2_feat__qwen3-vl-8b-instruct__two-pass-refinement/docs/prompt-lab/qwen-v015-human-report-strategy/experiments/automation/human_report_challenge_v2_prompt_iteration_workflow/cycle_001/main_promotion/v017b_prompt_only_main_promotion/v048_fp8_fn_recovery_crop_verifier_loop/review_images/local_only_fn_class_smoke_or_debris_obscured.jpg,/home/williambenitez1/Capstone_worktrees/1.2_feat__qwen3-vl-8b-instruct__two-pass-refinement/docs/prompt-lab/qwen-v015-human-report-strategy/experiments/automation/human_report_challenge_v2_prompt_iteration_workflow/cycle_001/main_promotion/v017b_prompt_only_main_promotion/v048_fp8_fn_recovery_crop_verifier_loop/review_images/local_only_fn_crops/local_only_fn_case_110_target_6_military_equipment.jpg,generated_local_only,,110.jpg,,,,,,smoke_or_debris_obscured,,,,"[99.0, 12.0, 110.0, 29.0]",target_6,,,,,,military_equipment,
110,/home/williambenitez1/Capstone_worktrees/1.2_feat__qwen3-vl-8b-instruct__two-pass-refinement/docs/prompt-lab/qwen-v015-human-report-strategy/experiments/automation/human_report_challenge_v2_prompt_iteration_workflow/cycle_001/main_promotion/v017b_prompt_only_main_promotion/v048_fp8_fn_recovery_crop_verifier_loop/review_images/local_only_fn_class_smoke_or_debris_obscured.jpg,/home/williambenitez1/Capstone_worktrees/1.2_feat__qwen3-vl-8b-instruct__two-pass-refinement/docs/prompt-lab/qwen-v015-human-report-strategy/experiments/automation/human_report_challenge_v2_prompt_iteration_workflow/cycle_001/main_promotion/v017b_prompt_only_main_promotion/v048_fp8_fn_recovery_crop_verifier_loop/review_images/local_only_fn_crops/local_only_fn_case_110_target_7_military_equipment.jpg,generated_local_only,,110.jpg,,,,,,smoke_or_debris_obscured,,,,"[17.0, 8.0, 28.0, 20.0]",target_7,,,,,,military_equipment,
141,/home/williambenitez1/Capstone_worktrees/1.2_feat__qwen3-vl-8b-instruct__two-pass-refinement/docs/prompt-lab/qwen-v015-human-report-strategy/experiments/automation/human_report_challenge_v2_prompt_iteration_workflow/cycle_001/main_promotion/v017b_prompt_only_main_promotion/v048_fp8_fn_recovery_crop_verifier_loop/review_images/local_only_fn_class_edge_or_boundary_target.jpg,/home/williambenitez1/Capstone_worktrees/1.2_feat__qwen3-vl-8b-instruct__two-pass-refinement/docs/prompt-lab/qwen-v015-human-report-strategy/experiments/automation/human_report_challenge_v2_prompt_iteration_workflow/cycle_001/main_promotion/v017b_prompt_only_main_promotion/v048_fp8_fn_recovery_crop_verifier_loop/review_images/local_only_fn_crops/local_only_fn_case_141_target_3_military_equipment.jpg,generated_local_only,,141.jpg,,,,,,edge_or_boundary_target,,,,"[186.0, 40.0, 201.0, 92.0]",target_3,,,,,,military_equipment,
146,/home/williambenitez1/Capstone_worktrees/1.2_feat__qwen3-vl-8b-instruct__two-pass-refinement/docs/prompt-lab/qwen-v015-human-report-strategy/experiments/automation/human_report_challenge_v2_prompt_iteration_workflow/cycle_001/main_promotion/v017b_prompt_only_main_promotion/v048_fp8_fn_recovery_crop_verifier_loop/review_images/local_only_fn_class_small_valid_target_missed.jpg,/home/williambenitez1/Capstone_worktrees/1.2_feat__qwen3-vl-8b-instruct__two-pass-refinement/docs/prompt-lab/qwen-v015-human-report-strategy/experiments/automation/human_report_challenge_v2_prompt_iteration_workflow/cycle_001/main_promotion/v017b_prompt_only_main_promotion/v048_fp8_fn_recovery_crop_verifier_loop/review_images/local_only_fn_crops/local_only_fn_case_146_target_2_military_equipment.jpg,generated_local_only,,146.jpg,,,,,,small_valid_target_missed,,,,"[1.0, 160.0, 55.0, 187.0]",target_2,,,,,,military_equipment,
147,/home/williambenitez1/Capstone_worktrees/1.2_feat__qwen3-vl-8b-instruct__two-pass-refinement/docs/prompt-lab/qwen-v015-human-report-strategy/experiments/automation/human_report_challenge_v2_prompt_iteration_workflow/cycle_001/main_promotion/v017b_prompt_only_main_promotion/v048_fp8_fn_recovery_crop_verifier_loop/review_images/local_only_fn_class_building_or_structure_piece.jpg,/home/williambenitez1/Capstone_worktrees/1.2_feat__qwen3-vl-8b-instruct__two-pass-refinement/docs/prompt-lab/qwen-v015-human-report-strategy/experiments/automation/human_report_challenge_v2_prompt_iteration_workflow/cycle_001/main_promotion/v017b_prompt_only_main_promotion/v048_fp8_fn_recovery_crop_verifier_loop/review_images/local_only_fn_crops/local_only_fn_case_147_target_2_buildings.jpg,generated_local_only,,147.jpg,,,,,,building_or_structure_piece,,,,"[207.0, 23.0, 294.0, 92.0]",target_2,,,,,,buildings,
147,/home/williambenitez1/Capstone_worktrees/1.2_feat__qwen3-vl-8b-instruct__two-pass-refinement/docs/prompt-lab/qwen-v015-human-report-strategy/experiments/automation/human_report_challenge_v2_prompt_iteration_workflow/cycle_001/main_promotion/v017b_prompt_only_main_promotion/v048_fp8_fn_recovery_crop_verifier_loop/review_images/local_only_fn_class_building_or_structure_piece.jpg,/home/williambenitez1/Capstone_worktrees/1.2_feat__qwen3-vl-8b-instruct__two-pass-refinement/docs/prompt-lab/qwen-v015-human-report-strategy/experiments/automation/human_report_challenge_v2_prompt_iteration_workflow/cycle_001/main_promotion/v017b_prompt_only_main_promotion/v048_fp8_fn_recovery_crop_verifier_loop/review_images/local_only_fn_crops/local_only_fn_case_147_target_3_buildings.jpg,generated_local_only,,147.jpg,,,,,,building_or_structure_piece,,,,"[337.0, 20.0, 423.0, 89.0]",target_3,,,,,,buildings,
154,/home/williambenitez1/Capstone_worktrees/1.2_feat__qwen3-vl-8b-instruct__two-pass-refinement/docs/prompt-lab/qwen-v015-human-report-strategy/experiments/automation/human_report_challenge_v2_prompt_iteration_workflow/cycle_001/main_promotion/v017b_prompt_only_main_promotion/v048_fp8_fn_recovery_crop_verifier_loop/review_images/local_only_fn_class_building_or_structure_piece.jpg,/home/williambenitez1/Capstone_worktrees/1.2_feat__qwen3-vl-8b-instruct__two-pass-refinement/docs/prompt-lab/qwen-v015-human-report-strategy/experiments/automation/human_report_challenge_v2_prompt_iteration_workflow/cycle_001/main_promotion/v017b_prompt_only_main_promotion/v048_fp8_fn_recovery_crop_verifier_loop/review_images/local_only_fn_crops/local_only_fn_case_154_target_2_buildings.jpg,generated_local_only,,154.jpg,,,,,,building_or_structure_piece,,,,"[1.0, 1.0, 613.0, 224.0]",target_2,,,,,,buildings,
160,/home/williambenitez1/Capstone_worktrees/1.2_feat__qwen3-vl-8b-instruct__two-pass-refinement/docs/prompt-lab/qwen-v015-human-report-strategy/experiments/automation/human_report_challenge_v2_prompt_iteration_workflow/cycle_001/main_promotion/v017b_prompt_only_main_promotion/v048_fp8_fn_recovery_crop_verifier_loop/review_images/local_only_fn_class_building_or_structure_piece.jpg,/home/williambenitez1/Capstone_worktrees/1.2_feat__qwen3-vl-8b-instruct__two-pass-refinement/docs/prompt-lab/qwen-v015-human-report-strategy/experiments/automation/human_report_challenge_v2_prompt_iteration_workflow/cycle_001/main_promotion/v017b_prompt_only_main_promotion/v048_fp8_fn_recovery_crop_verifier_loop/review_images/local_only_fn_crops/local_only_fn_case_160_target_3_buildings.jpg,generated_local_only,,160.jpg,,,,,,building_or_structure_piece,,,,"[270.0, 3.0, 477.0, 68.0]",target_3,,,,,,buildings,
160,/home/williambenitez1/Capstone_worktrees/1.2_feat__qwen3-vl-8b-instruct__two-pass-refinement/docs/prompt-lab/qwen-v015-human-report-strategy/experiments/automation/human_report_challenge_v2_prompt_iteration_workflow/cycle_001/main_promotion/v017b_prompt_only_main_promotion/v048_fp8_fn_recovery_crop_verifier_loop/review_images/local_only_fn_class_building_or_structure_piece.jpg,/home/williambenitez1/Capstone_worktrees/1.2_feat__qwen3-vl-8b-instruct__two-pass-refinement/docs/prompt-lab/qwen-v015-human-report-strategy/experiments/automation/human_report_challenge_v2_prompt_iteration_workflow/cycle_001/main_promotion/v017b_prompt_only_main_promotion/v048_fp8_fn_recovery_crop_verifier_loop/review_images/local_only_fn_crops/local_only_fn_case_160_target_4_buildings.jpg,generated_local_only,,160.jpg,,,,,,building_or_structure_piece,,,,"[44.0, 5.0, 206.0, 59.0]",target_4,,,,,,buildings,
160,/home/williambenitez1/Capstone_worktrees/1.2_feat__qwen3-vl-8b-instruct__two-pass-refinement/docs/prompt-lab/qwen-v015-human-report-strategy/experiments/automation/human_report_challenge_v2_prompt_iteration_workflow/cycle_001/main_promotion/v017b_prompt_only_main_promotion/v048_fp8_fn_recovery_crop_verifier_loop/review_images/local_only_fn_class_building_or_structure_piece.jpg,/home/williambenitez1/Capstone_worktrees/1.2_feat__qwen3-vl-8b-instruct__two-pass-refinement/docs/prompt-lab/qwen-v015-human-report-strategy/experiments/automation/human_report_challenge_v2_prompt_iteration_workflow/cycle_001/main_promotion/v017b_prompt_only_main_promotion/v048_fp8_fn_recovery_crop_verifier_loop/review_images/local_only_fn_crops/local_only_fn_case_160_target_5_buildings.jpg,generated_local_only,,160.jpg,,,,,,building_or_structure_piece,,,,"[516.0, 1.0, 590.0, 84.0]",target_5,,,,,,buildings,
161,/home/williambenitez1/Capstone_worktrees/1.2_feat__qwen3-vl-8b-instruct__two-pass-refinement/docs/prompt-lab/qwen-v015-human-report-strategy/experiments/automation/human_report_challenge_v2_prompt_iteration_workflow/cycle_001/main_promotion/v017b_prompt_only_main_promotion/v048_fp8_fn_recovery_crop_verifier_loop/review_images/local_only_fn_class_building_or_structure_piece.jpg,/home/williambenitez1/Capstone_worktrees/1.2_feat__qwen3-vl-8b-instruct__two-pass-refinement/docs/prompt-lab/qwen-v015-human-report-strategy/experiments/automation/human_report_challenge_v2_prompt_iteration_workflow/cycle_001/main_promotion/v017b_prompt_only_main_promotion/v048_fp8_fn_recovery_crop_verifier_loop/review_images/local_only_fn_crops/local_only_fn_case_161_target_1_buildings.jpg,generated_local_only,,161.jpg,,,,,,building_or_structure_piece,,,,"[16.0, 111.0, 612.0, 245.0]",target_1,,,,,,buildings,
164,/home/williambenitez1/Capstone_worktrees/1.2_feat__qwen3-vl-8b-instruct__two-pass-refinement/docs/prompt-lab/qwen-v015-human-report-strategy/experiments/automation/human_report_challenge_v2_prompt_iteration_workflow/cycle_001/main_promotion/v017b_prompt_only_main_promotion/v048_fp8_fn_recovery_crop_verifier_loop/review_images/local_only_fn_class_building_or_structure_piece.jpg,/home/williambenitez1/Capstone_worktrees/1.2_feat__qwen3-vl-8b-instruct__two-pass-refinement/docs/prompt-lab/qwen-v015-human-report-strategy/experiments/automation/human_report_challenge_v2_prompt_iteration_workflow/cycle_001/main_promotion/v017b_prompt_only_main_promotion/v048_fp8_fn_recovery_crop_verifier_loop/review_images/local_only_fn_crops/local_only_fn_case_164_target_2_buildings.jpg,generated_local_only,,164.jpg,,,,,,building_or_structure_piece,,,,"[480.0, 159.0, 613.0, 289.0]",target_2,,,,,,buildings,
169,/home/williambenitez1/Capstone_worktrees/1.2_feat__qwen3-vl-8b-instruct__two-pass-refinement/docs/prompt-lab/qwen-v015-human-report-strategy/experiments/automation/human_report_challenge_v2_prompt_iteration_workflow/cycle_001/main_promotion/v017b_prompt_only_main_promotion/v048_fp8_fn_recovery_crop_verifier_loop/review_images/local_only_fn_class_adjacent_target_confusion.jpg,/home/williambenitez1/Capstone_worktrees/1.2_feat__qwen3-vl-8b-instruct__two-pass-refinement/docs/prompt-lab/qwen-v015-human-report-strategy/experiments/automation/human_report_challenge_v2_prompt_iteration_workflow/cycle_001/main_promotion/v017b_prompt_only_main_promotion/v048_fp8_fn_recovery_crop_verifier_loop/review_images/local_only_fn_crops/local_only_fn_case_169_target_1_military_equipment.jpg,generated_local_only,,169.jpg,,,,,,adjacent_target_confusion,,,,"[1.0, 98.0, 175.0, 322.0]",target_1,,,,,,military_equipment,
